,Unnamed: 0,public_date,NFIRM,indret_ew,indret_vw,dpr_Median,PEG_trailing_Median,bm_Median,CAPEI_Median,divyield_Median,evm_Median,pcf_Median,pe_exi_Median,pe_inc_Median,ps_Median,ptb_Median,efftax_Median,GProf_Median,aftret_eq_Median,aftret_equity_Median,aftret_invcapx_Median,gpm_Median,npm_Median,opmad_Median,opmbd_Median,pretret_earnat_Median,pretret_noa_Median,ptpm_Median,roa_Median,roce_Median,roe_Median,capital_ratio_Median,equity_invcap_Median,debt_invcap_Median,totdebt_invcap_Median,invt_act_Median,rect_act_Median,fcf_ocf_Median,ocf_lct_Median,cash_debt_Median,cash_lt_Median,cfm_Median,short_debt_Median,profit_lct_Median,curr_debt_Median,debt_ebitda_Median,dltt_be_Median,int_debt_Median,int_totdebt_Median,lt_debt_Median,lt_ppent_Median,de_ratio_Median,debt_assets_Median,debt_at_Median,debt_capital_Median,intcov_Median,intcov_ratio_Median,cash_conversion_Median,cash_ratio_Median,curr_ratio_Median,quick_ratio_Median,at_turn_Median,inv_turn_Median,pay_turn_Median,rect_turn_Median,sale_equity_Median,sale_invcap_Median,sale_nwc_Median,accrual_Median,rd_sale_Median,adv_sale_Median,staff_sale_Median
507,654,19710531,2,-0.033832,-0.005098,0.0,2.9,1.267,18.463,3.96,71.655,8.921,13.201,15.592,0.349,1.133,0.371,0.08900000000000001,-0.004,0.0,0.062,0.07400000000000001,0.001,0.009000000000000001,0.032,0.008,0.017,0.002,0.038,0.024,-0.002,0.313,0.6679999999999999,0.313,0.569,0.35200000000000004,0.525,-0.23,0.17800000000000002,0.114,0.085,0.023,0.478,0.08199999999999999,0.67,49.743,0.5529999999999999,0.154,0.075,0.271,1.61,1.676,0.612,0.333,0.502,1.3259999999999998,1.169,119.358,0.135,1.382,0.893,1.275,5.524,42.87600000000001,4.282,3.374,2.278,8.267999999999999,0.075,0.0,0.0,0.0
542,694,19710630,2,-0.013153,0.043241,0.0,3.076,1.267,18.469,4.85,71.655,9.3,14.626,16.802,0.36,1.16,0.371,0.08900000000000001,-0.004,0.0,0.062,0.07400000000000001,0.001,0.009000000000000001,0.032,0.008,0.017,0.002,0.038,0.024,-0.002,0.313,0.6679999999999999,0.313,0.569,0.35200000000000004,0.525,-0.23,0.17800000000000002,0.114,0.085,0.023,0.478,0.08199999999999999,0.67,49.743,0.5529999999999999,0.154,0.075,0.271,1.61,1.676,0.612,0.333,0.502,1.3259999999999998,1.169,119.358,0.135,1.382,0.893,1.275,5.524,42.87600000000001,4.282,3.374,2.278,8.267999999999999,0.075,0.0,0.0,0.0
576,734,19710731,2,-0.100535,-0.127081,0.0,2.66,1.267,16.438,1.51,71.655,8.111,12.388,14.42,0.316,1.021,0.371,0.08900000000000001,-0.004,0.0,0.062,0.07400000000000001,0.001,0.009000000000000001,0.032,0.008,0.017,0.002,0.038,0.024,-0.002,0.313,0.6679999999999999,0.313,0.569,0.35200000000000004,0.525,-0.23,0.17800000000000002,0.114,0.085,0.023,0.478,0.08199999999999999,0.67,49.743,0.5529999999999999,0.154,0.075,0.271,1.61,1.676,0.612,0.333,0.502,1.3259999999999998,1.169,119.358,0.135,1.382,0.893,1.275,5.524,42.87600000000001,4.282,3.374,2.278,8.267999999999999,0.075,0.0,0.0,0.0
612,774,19710831,2,0.133946,0.049008,0.0,1.208,1.291,21.168000000000006,3.01,72.18,7.547999999999999,8.344,10.878,0.32299999999999995,1.079,0.371,0.08900000000000001,0.006999999999999999,0.01,0.073,0.077,0.004,0.012,0.035,0.008,0.017,0.006999999999999999,0.038,0.032,0.009000000000000001,0.314,0.6679999999999999,0.314,0.556,0.35200000000000004,0.525,-0.23,0.17800000000000002,0.114,0.085,0.024,0.468,0.08199999999999999,0.67,49.536,0.556,0.146,0.07200000000000001,0.271,1.61,1.676,0.612,0.333,0.502,1.584,1.695,119.358,0.135,1.382,0.893,1.275,5.524,42.87600000000001,4.282,3.426,2.324,8.267999999999999,0.075,0.0,0.0,0.0
647,814,19710930,2,-0.01168,0.013301,0.0,1.233,1.291,20.893,2.95,72.18,7.625,8.812999999999997,11.228,0.325,1.082,0.371,0.08900000000000001,0.006999999999999999,0.01,0.073,0.077,0.004,0.012,0.035,0.008,0.017,0.006999999999999999,0.038,0.032,0.009000000000000001,0.314,0.6679999999999999,0.314,0.556,0.35200000000000004,0.525,-0.23,0.17800000000000002,0.114,0.085,0.024,0.468,0.08199999999999999,0.67,49.536,0.556,0.146,0.07200000000000001,0.271,1.61,1.676,0.612,0.333,0.502,1.584,1.695,119.358,0.135,1.382,0.893,1.275,5.524,42.87600000000001,4.282,3.426,2.324,8.267999999999999,0.075,0.0,0.0,0.0
682,854,19711031,2,-0.12132,-0.15880899999999998,0.0,1.019,1.291,18.308,3.39,72.18,6.416,6.847,9.095,0.276,0.923,0.371,0.08900000000000001,0.006999999999999999,0.01,0.073,0.077,0.004,0.012,0.035,0.008,0.017,0.006999999999999999,0.038,0.032,0.009000000000000001,0.314,0.6679999999999999,0.314,0.556,0.35200000000000004,0.525,-0.23,0.17800000000000002,0.114,0.085,0.024,0.468,0.08199999999999999,0.67,49.536,0.556,0.146,0.07200000000000001,0.271,1.61,1.676,0.612,0.333,0.502,1.584,1.695,119.358,0.135,1.382,0.893,1.275,5.524,42.87600000000001,4.282,3.426,2.324,8.267999999999999,0.075,0.0,0.0,0.0
716,894,19711130,2,-0.048216,-0.05948,0.0,1.087,1.217,20.587,1.45,72.721,5.845,5.811,7.987,0.256,0.8690000000000001,0.371,0.08900000000000001,0.019,0.022,0.079,0.077,0.006999999999999999,0.012,0.035,0.008,0.017,0.014,0.038,0.033,0.021,0.313,0.6679999999999999,0.313,0.54,0.35200000000000004,0.525,-0.23,0.17800000000000002,0.114,0.085,0.025,0.452,0.08199999999999999,0.67,49.45,0.557,0.171,0.095,0.271,1.61,1.676,0.612,0.333,0.502,1.981,1.959,119.358,0.135,1.382,0.893,1.275,5.524,42.87600000000001,4.282,3.443,2.342,8.267999999999999,0.075,0.0,0.0,0.0
749,934,19711231,2,0.156878,0.143956,0.0,1.232,1.217,23.839,3.24,72.721,6.667000000000002,6.4270000000000005,8.986,0.293,0.995,0.371,0.08900000000000001,0.019,0.022,0.079,0.077,0.006999999999999999,0.012,0.035,0.008,0.017,0.014,0.038,0.033,0.021,0.313,0.6679999999999999,0.313,0.54,0.35200000000000004,0.525,-0.23,0.17800000000000002,0.114,0.085,0.025,0.452,0.08199999999999999,0.67,49.45,0.557,0.171,0.095,0.271,1.61,1.676,0.612,0.333,0.502,1.981,1.959,119.358,0.135,1.382,0.893,1.275,5.524,42.87600000000001,4.282,3.443,2.342,8.267999999999999,0.075,0.0,0.0,0.0
784,974,19720131,2,0.115792,0.030302,0.0,1.218,1.217,27.119,1.51,72.721,6.884,5.22,8.4,0.309,1.058,0.371,0.08900000000000001,0.019,0.022,0.079,0.077,0.006999999999999999,0.012,0.035,0.008,0.017,0.014,0.038,0.033,0.021,0.313,0.6679999999999999,0.313,0.54,0.35200000000000004,0.525,-0.23,0.17800000000000002,0.114,0.085,0.025,0.452,0.08199999999999999,0.67,49.45,0.557,0.171,0.095,0.271,1.61,1.676,0.612,0.333,0.502,1.981,1.959,119.358,0.135,1.382,0.893,1.275,5.524,42.87600000000001,4.282,3.443,2.342,8.267999999999999,0.075,0.0,0.0,0.0
818,1014,19720229,2,-0.005422,0.009478,0.149,0.568,1.327,23.965,4.29,7.806,4.432,19.996,19.996,0.303,0.979,0.45,0.146,0.055,0.055,0.081,0.104,0.016,0.041,0.064,0.06,0.101,0.03,0.08800000000000001,0.086,0.054000000000000006,0.319,0.654,0.315,0.41,0.366,0.519,0.463,0.278,0.16,0.078,0.039,0.204,0.276,0.59,3.165,0.524,0.125,0.076,0.344,1.494,1.44,0.5820000000000001,0.269,0.417,2.441,3.367,116.665,0.15,1.6269999999999998,1.032,1.367,6.392,21.212,4.881,3.405,2.27,6.874,0.068,0.012,0.0,0.0
853,1054,19720331,2,-0.020566,-0.033315,0.149,0.542,1.327,23.476,5.13,7.806,4.301,19.547,19.547,0.293,0.95,0.45,0.146,0.055,0.055,0.081,0.104,0.016,0.041,0.064,0.06,0.101,0.03,0.08800000000000001,0.086,0.054000000000000006,0.319,0.654,0.315,0.41,0.366,0.519,0.463,0.278,0.16,0.078,0.039,0.204,0.276,0.59,3.165,0.524,0.125,0.076,0.344,1.494,1.44,0.5820000000000001,0.269,0.417,2.441,3.367,116.665,0.15,1.6269999999999998,1.032,1.367,6.392,21.212,4.881,3.405,2.27,6.874,0.068,0.012,0.0,0.0
887,1094,19720430,2,0.059886,0.011664,0.149,0.531,1.327,25.11,5.79,7.806,4.462,20.766,20.766,0.301,0.981,0.45,0.146,0.055,0.055,0.081,0.104,0.016,0.041,0.064,0.06,0.101,0.03,0.08800000000000001,0.086,0.054000000000000006,0.319,0.654,0.315,0.41,0.366,0.519,0.463,0.278,0.16,0.078,0.039,0.204,0.276,0.59,3.165,0.524,0.125,0.076,0.344,1.494,1.44,0.5820000000000001,0.269,0.417,2.441,3.367,116.665,0.15,1.6269999999999998,1.032,1.367,6.392,21.212,4.881,3.405,2.27,6.874,0.068,0.012,0.0,0.0
923,1134,19720531,2,-0.07496699999999999,-0.082602,0.032,0.399,1.143,24.944000000000006,1.25,8.289,2.637,19.041,19.041,0.269,0.935,0.45,0.146,0.07,0.069,0.086,0.104,0.019,0.04,0.063,0.058,0.097,0.038,0.087,0.083,0.07,0.316,0.664,0.315,0.448,0.366,0.519,0.463,0.435,0.16,0.078,0.039,0.318,0.275,0.59,3.334,0.546,0.116,0.079,0.338,1.494,1.4509999999999998,0.5820000000000001,0.28600000000000003,0.417,2.732,3.367,116.665,0.15,1.6269999999999998,1.032,1.439,6.392,21.212,5.399,3.557,2.399,7.125,0.116,0.0,0.0,0.0
959,1174,19720630,2,-0.037421,-0.014365,0.032,0.399,1.143,23.676,1.59,8.289,2.553,18.182,18.182,0.262,0.907,0.45,0.146,0.07,0.069,0.086,0.104,0.019,0.04,0.063,0.058,0.097,0.038,0.087,0.083,0.07,0.316,0.664,0.315,0.448,0.366,0.519,0.463,0.435,0.16,0.078,0.039,0.318,0.275,0.59,3.334,0.546,0.116,0.079,0.338,1.494,1.4509999999999998,0.5820000000000001,0.28600000000000003,0.417,2.732,3.367,116.665,0.15,1.6269999999999998,1.032,1.439,6.392,21.212,5.399,3.557,2.399,7.125,0.116,0.0,0.0,0.0
996,1214,19720731,2,0.008623,-0.009017,0.032,0.39,1.143,24.053,4.04,8.289,2.556,18.39,18.39,0.261,0.907,0.45,0.146,0.07,0.069,0.086,0.104,0.019,0.04,0.063,0.058,0.097,0.038,0.087,0.083,0.07,0.316,0.664,0.315,0.448,0.366,0.519,0.463,0.435,0.16,0.078,0.039,0.318,0.275,0.59,3.334,0.546,0.116,0.079,0.338,1.494,1.4509999999999998,0.5820000000000001,0.28600000000000003,0.417,2.732,3.367,116.665,0.15,1.6269999999999998,1.032,1.439,6.392,21.212,5.399,3.557,2.399,7.125,0.116,0.0,0.0,0.0
1032,1254,19720831,2,0.111648,0.165003,0.019,0.514,1.231,23.584,2.46,7.849,2.86,19.791,19.791,0.295,1.008,0.45,0.146,0.084,0.083,0.091,0.104,0.023,0.04,0.063,0.058,0.097,0.043,0.087,0.085,0.085,0.314,0.6659999999999999,0.313,0.404,0.366,0.519,0.463,0.452,0.16,0.078,0.04,0.229,0.275,0.59,3.227,0.535,0.108,0.083,0.34,1.494,1.422,0.5820000000000001,0.262,0.417,3.04,3.367,116.665,0.15,1.6269999999999998,1.032,1.479,6.392,21.212,5.608,3.596,2.417,7.346,0.114,0.0,0.0,0.0
1070,1294,19720930,2,-0.117609,-0.13018,0.019,0.441,1.231,20.797,4.15,7.849,2.495,17.449,17.449,0.257,0.88,0.45,0.146,0.084,0.083,0.091,0.104,0.023,0.04,0.063,0.058,0.097,0.043,0.087,0.085,0.085,0.314,0.6659999999999999,0.313,0.404,0.366,0.519,0.463,0.452,0.16,0.078,0.04,0.229,0.275,0.59,3.227,0.535,0.108,0.083,0.34,1.494,1.422,0.5820000000000001,0.262,0.417,3.04,3.367,116.665,0.15,1.6269999999999998,1.032,1.479,6.392,21.212,5.608,3.596,2.417,7.346,0.114,0.0,0.0,0.0
1111,1334,19721031,2,-0.019109,-0.064826,0.019,0.398,1.231,20.547,4.16,7.849,2.385,17.227999999999998,17.227999999999998,0.244,0.84,0.45,0.146,0.084,0.083,0.091,0.104,0.023,0.04,0.063,0.058,0.097,0.043,0.087,0.085,0.085,0.314,0.6659999999999999,0.313,0.404,0.366,0.519,0.463,0.452,0.16,0.078,0.04,0.229,0.275,0.59,3.227,0.535,0.108,0.083,0.34,1.494,1.422,0.5820000000000001,0.262,0.417,3.04,3.367,116.665,0.15,1.6269999999999998,1.032,1.479,6.392,21.212,5.608,3.596,2.417,7.346,0.114,0.0,0.0,0.0
1144,1374,19721130,2,0.054057000000000015,0.058786,0.016,0.496,1.277,19.731,2.68,7.563,2.919,11.281,11.281,0.254,0.878,0.45,0.146,0.091,0.09,0.094,0.104,0.024,0.04,0.064,0.058,0.097,0.046,0.087,0.086,0.092,0.313,0.6679999999999999,0.312,0.37,0.366,0.519,0.463,0.411,0.16,0.078,0.041,0.14800000000000002,0.275,0.59,3.165,0.524,0.1,0.086,0.343,1.494,1.392,0.5820000000000001,0.244,0.417,3.285,3.367,116.665,0.15,1.6269999999999998,1.032,1.519,6.392,21.212,5.811,3.623,2.431,7.564,0.093,0.0,0.0,0.0
1169,1414,19721231,2,-0.017869,-0.015297,0.016,0.487,1.277,19.365,1.45,7.563,2.865,11.059,11.059,0.249,0.862,0.45,0.146,0.091,0.09,0.094,0.104,0.024,0.04,0.064,0.058,0.097,0.046,0.087,0.086,0.092,0.313,0.6679999999999999,0.312,0.37,0.366,0.519,0.463,0.411,0.16,0.078,0.041,0.14800000000000002,0.275,0.59,3.165,0.524,0.1,0.086,0.343,1.494,1.392,0.5820000000000001,0.244,0.417,3.285,3.367,116.665,0.15,1.6269999999999998,1.032,1.519,6.392,21.212,5.811,3.623,2.431,7.564,0.093,0.0,0.0,0.0
1221,1454,19730131,2,-0.105556,-0.108605,0.016,0.433,1.277,17.326,3.1,7.563,2.557,9.872,9.872,0.222,0.77,0.45,0.146,0.091,0.09,0.094,0.104,0.024,0.04,0.064,0.058,0.097,0.046,0.087,0.086,0.092,0.313,0.6679999999999999,0.312,0.37,0.366,0.519,0.463,0.411,0.16,0.078,0.041,0.14800000000000002,0.275,0.59,3.165,0.524,0.1,0.086,0.343,1.494,1.392,0.5820000000000001,0.244,0.417,3.285,3.367,116.665,0.15,1.6269999999999998,1.032,1.519,6.392,21.212,5.811,3.623,2.431,7.564,0.093,0.0,0.0,0.0
1259,1494,19730228,2,0.01871,0.062416,0.161,0.201,1.432,15.715,3.24,5.645,5.118,10.242,9.695,0.231,0.7090000000000001,0.4370000000000001,0.193,0.087,0.086,0.09,0.131,0.024,0.05,0.073,0.081,0.123,0.044,0.111,0.116,0.08199999999999999,0.308,0.67,0.304,0.331,0.3670000000000001,0.472,0.277,0.403,0.16899999999999998,0.128,0.045,0.093,0.416,0.5589999999999999,1.935,0.448,0.092,0.078,0.358,1.471,1.321,0.565,0.22,0.398,3.516,5.0,106.784,0.284,1.87,1.188,1.515,6.968,20.293,6.141,3.4810000000000003,2.335,6.369,0.061,0.012,0.0,0.0
1299,1534,19730331,2,0.03888,0.045695,0.161,0.209,1.432,16.291,4.42,5.645,5.325,10.626,10.063,0.24,0.735,0.4370000000000001,0.193,0.087,0.086,0.09,0.131,0.024,0.05,0.073,0.081,0.123,0.044,0.111,0.116,0.08199999999999999,0.308,0.67,0.304,0.331,0.3670000000000001,0.472,0.277,0.403,0.16899999999999998,0.128,0.045,0.093,0.416,0.5589999999999999,1.935,0.448,0.092,0.078,0.358,1.471,1.321,0.565,0.22,0.398,3.516,5.0,106.784,0.284,1.87,1.188,1.515,6.968,20.293,6.141,3.4810000000000003,2.335,6.369,0.061,0.012,0.0,0.0
1338,1575,19730430,2,0.004545,0.007294,0.161,0.211,1.432,16.381,1.71,5.645,5.367000000000001,10.689,10.127,0.242,0.74,0.4370000000000001,0.193,0.087,0.086,0.09,0.131,0.024,0.05,0.073,0.081,0.123,0.044,0.111,0.116,0.08199999999999999,0.308,0.67,0.304,0.331,0.3670000000000001,0.472,0.277,0.403,0.16899999999999998,0.128,0.045,0.093,0.416,0.5589999999999999,1.935,0.448,0.092,0.078,0.358,1.471,1.321,0.565,0.22,0.398,3.516,5.0,106.784,0.284,1.87,1.188,1.515,6.968,20.293,6.141,3.4810000000000003,2.335,6.369,0.061,0.012,0.0,0.0
1362,1616,19730531,2,-0.099389,-0.077316,0.018000000000000002,0.194,1.4409999999999998,15.19,4.3,5.6960000000000015,5.184,9.575,9.18,0.221,0.7390000000000001,0.4370000000000001,0.044,0.092,0.091,0.091,0.019,0.025,0.055,0.07200000000000001,0.086,0.133,0.045,0.108,0.129,0.091,0.307,0.675,0.306,0.344,0.3670000000000001,0.472,0.277,0.221,0.16899999999999998,0.128,0.045,0.112,0.414,0.5589999999999999,1.899,0.491,0.092,0.08199999999999999,0.353,1.471,1.347,0.565,0.225,0.398,3.52,5.573,102.17,0.284,1.87,1.188,1.509,7.477,20.293,6.492000000000001,3.607,2.432,6.462999999999999,0.023,0.0,0.0,0.0
1416,1657,19730630,2,-0.040625,-0.086261,0.018000000000000002,0.171,1.4409999999999998,14.261,2.38,5.6960000000000015,4.776,8.847999999999997,8.442,0.202,0.6829999999999999,0.4370000000000001,0.044,0.092,0.091,0.091,0.019,0.025,0.055,0.07200000000000001,0.086,0.133,0.045,0.108,0.129,0.091,0.307,0.675,0.306,0.344,0.3670000000000001,0.472,0.277,0.221,0.16899999999999998,0.128,0.045,0.112,0.414,0.5589999999999999,1.899,0.491,0.092,0.08199999999999999,0.353,1.471,1.347,0.565,0.225,0.398,3.52,5.573,102.17,0.284,1.87,1.188,1.509,7.477,20.293,6.492000000000001,3.607,2.432,6.462999999999999,0.023,0.0,0.0,0.0
1454,1698,19730731,2,0.084948,0.099191,0.018000000000000002,0.189,1.4409999999999998,15.522,3.78,5.6960000000000015,5.226,9.675,9.244,0.222,0.747,0.4370000000000001,0.044,0.092,0.091,0.091,0.019,0.025,0.055,0.07200000000000001,0.086,0.133,0.045,0.108,0.129,0.091,0.307,0.675,0.306,0.344,0.3670000000000001,0.472,0.277,0.221,0.16899999999999998,0.128,0.045,0.112,0.414,0.5589999999999999,1.899,0.491,0.092,0.08199999999999999,0.353,1.471,1.347,0.565,0.225,0.398,3.52,5.573,102.17,0.284,1.87,1.188,1.509,7.477,20.293,6.492000000000001,3.607,2.432,6.462999999999999,0.023,0.0,0.0,0.0
1494,1739,19730831,2,-0.037734,-0.053509,0.015,0.17600000000000002,1.72,14.275,4.21,5.44,22.792,8.269,7.9689999999999985,0.201,0.69,0.4370000000000001,0.197,0.102,0.1,0.097,0.131,0.026,0.05,0.073,0.081,0.123,0.048,0.111,0.118,0.101,0.303,0.679,0.302,0.348,0.3670000000000001,0.472,0.277,0.183,0.16899999999999998,0.128,0.045,0.149,0.421,0.5589999999999999,1.942,0.477,0.093,0.079,0.35200000000000004,1.471,1.32,0.565,0.229,0.398,3.668,4.789,104.547,0.284,1.87,1.188,1.577,6.966,20.293,6.776,3.691,2.511,6.754,-0.002,0.0,0.0,0.0
1533,1780,19730930,2,0.137552,0.132831,0.015,0.197,1.72,16.141,0.98,5.44,25.584,9.332,8.988,0.227,0.779,0.4370000000000001,0.197,0.102,0.1,0.097,0.131,0.026,0.05,0.073,0.081,0.123,0.048,0.111,0.118,0.101,0.303,0.679,0.302,0.348,0.3670000000000001,0.472,0.277,0.183,0.16899999999999998,0.128,0.045,0.149,0.421,0.5589999999999999,1.942,0.477,0.093,0.079,0.35200000000000004,1.471,1.32,0.565,0.229,0.398,3.668,4.789,104.547,0.284,1.87,1.188,1.577,6.966,20.293,6.776,3.691,2.511,6.754,-0.002,0.0,0.0,0.0
1572,1821,19731031,2,-0.007956999999999999,-0.022335,0.015,0.191,1.72,15.933,3.75,5.44,24.819000000000006,9.168,8.818,0.222,0.7659999999999999,0.4370000000000001,0.197,0.102,0.1,0.097,0.131,0.026,0.05,0.073,0.081,0.123,0.048,0.111,0.118,0.101,0.303,0.679,0.302,0.348,0.3670000000000001,0.472,0.277,0.183,0.16899999999999998,0.128,0.045,0.149,0.421,0.5589999999999999,1.942,0.477,0.093,0.079,0.35200000000000004,1.471,1.32,0.565,0.229,0.398,3.668,4.789,104.547,0.284,1.87,1.188,1.577,6.966,20.293,6.776,3.691,2.511,6.754,-0.002,0.0,0.0,0.0
1612,1862,19731130,2,0.015485,0.175438,0.013,0.309,1.465,16.742,4.27,5.916,74.403,10.409,10.198,0.247,0.85,0.4370000000000001,0.193,0.097,0.095,0.093,0.127,0.024,0.045,0.068,0.075,0.112,0.043,0.105,0.105,0.096,0.302,0.68,0.301,0.366,0.3670000000000001,0.472,0.277,0.035,0.16899999999999998,0.128,0.043,0.195,0.407,0.5589999999999999,2.154,0.469,0.1,0.08,0.355,1.471,1.298,0.565,0.242,0.398,3.155,3.74,102.919,0.284,1.87,1.188,1.624,7.04,20.293,6.999,3.732,2.549,6.9529999999999985,-0.033,0.0,0.0,0.0
1650,1903,19731231,2,0.074314,0.11165,0.013,0.34600000000000003,1.465,18.036,6.17,5.916,84.821,11.468,11.253,0.268,0.918,0.4370000000000001,0.193,0.097,0.095,0.093,0.127,0.024,0.045,0.068,0.075,0.112,0.043,0.105,0.105,0.096,0.302,0.68,0.301,0.366,0.3670000000000001,0.472,0.277,0.035,0.16899999999999998,0.128,0.043,0.195,0.407,0.5589999999999999,2.154,0.469,0.1,0.08,0.355,1.471,1.298,0.565,0.242,0.398,3.155,3.74,102.919,0.284,1.87,1.188,1.624,7.04,20.293,6.999,3.732,2.549,6.9529999999999985,-0.033,0.0,0.0,0.0
1690,1944,19740131,2,-0.027879,-0.116582,0.013,0.295,1.465,16.419,7.61,5.916,89.61200000000002,10.249,10.015,0.239,0.828,0.4370000000000001,0.193,0.097,0.095,0.093,0.127,0.024,0.045,0.068,0.075,0.112,0.043,0.105,0.105,0.096,0.302,0.68,0.301,0.366,0.3670000000000001,0.472,0.277,0.035,0.16899999999999998,0.128,0.043,0.195,0.407,0.5589999999999999,2.154,0.469,0.1,0.08,0.355,1.471,1.298,0.565,0.242,0.398,3.155,3.74,102.919,0.284,1.87,1.188,1.624,7.04,20.293,6.999,3.732,2.549,6.9529999999999985,-0.033,0.0,0.0,0.0
1731,1985,19740228,2,0.006379999999999999,0.020787,0.285,0.35100000000000003,1.933,15.776,8.15,6.596,6.756,10.913,10.913,0.232,0.759,0.413,0.182,0.103,0.101,0.097,0.126,0.026,0.049,0.069,0.084,0.13,0.046,0.11,0.121,0.093,0.303,0.6759999999999999,0.298,0.418,0.4320000000000001,0.48,-0.999,0.11,0.071,0.063,0.049,0.295,0.32,0.624,2.399,0.42,0.109,0.084,0.304,1.6969999999999998,1.55,0.603,0.244,0.459,3.112,4.0280000000000005,104.417,0.112,1.538,0.867,1.564,6.43,16.71,6.608,3.724,2.536,8.113999999999999,0.005,0.01,0.0,0.0
1770,2026,19740331,2,-0.094836,-0.138793,0.285,0.309,1.933,13.693,6.27,6.596,6.017,9.375,9.375,0.2,0.657,0.413,0.182,0.103,0.101,0.097,0.126,0.026,0.049,0.069,0.084,0.13,0.046,0.11,0.121,0.093,0.303,0.6759999999999999,0.298,0.418,0.4320000000000001,0.48,-0.999,0.11,0.071,0.063,0.049,0.295,0.32,0.624,2.399,0.42,0.109,0.084,0.304,1.6969999999999998,1.55,0.603,0.244,0.459,3.112,4.0280000000000005,104.417,0.112,1.538,0.867,1.564,6.43,16.71,6.608,3.724,2.536,8.113999999999999,0.005,0.01,0.0,0.0
1813,2067,19740430,2,-0.087879,-0.101955,0.285,0.28,1.933,12.355,10.9,6.596,5.476,8.43,8.43,0.18,0.5920000000000001,0.413,0.182,0.103,0.101,0.097,0.126,0.026,0.049,0.069,0.084,0.13,0.046,0.11,0.121,0.093,0.303,0.6759999999999999,0.298,0.418,0.4320000000000001,0.48,-0.999,0.11,0.071,0.063,0.049,0.295,0.32,0.624,2.399,0.42,0.109,0.084,0.304,1.6969999999999998,1.55,0.603,0.244,0.459,3.112,4.0280000000000005,104.417,0.112,1.538,0.867,1.564,6.43,16.71,6.608,3.724,2.536,8.113999999999999,0.005,0.01,0.0,0.0
1855,2108,19740531,2,-0.098469,-0.120702,0.013,0.486,1.83,11.088,7.88,5.335,-20.629,7.763,7.763,0.152,0.555,0.413,0.187,0.092,0.091,0.098,0.127,0.023,0.05,0.071,0.086,0.138,0.04,0.11,0.128,0.091,0.299,0.685,0.298,0.421,0.4320000000000001,0.48,-0.999,-0.058,0.071,0.063,0.05,0.308,0.328,0.624,2.222,0.453,0.123,0.08199999999999999,0.298,1.6969999999999998,1.5619999999999998,0.603,0.242,0.459,2.818,3.913,109.067,0.112,1.538,0.867,1.489,6.247999999999998,16.71,6.167000000000002,3.841,2.655,8.317,-0.062,0.0,0.0,0.0
1890,2150,19740630,2,-0.006944,-0.052525,0.013,0.472,1.83,10.623,8.19,5.335,-21.511,7.372999999999998,7.372999999999998,0.145,0.53,0.413,0.187,0.092,0.091,0.098,0.127,0.023,0.05,0.071,0.086,0.138,0.04,0.11,0.128,0.091,0.299,0.685,0.298,0.421,0.4320000000000001,0.48,-0.999,-0.058,0.071,0.063,0.05,0.308,0.328,0.624,2.222,0.453,0.123,0.08199999999999999,0.298,1.6969999999999998,1.5619999999999998,0.603,0.242,0.459,2.818,3.913,109.067,0.112,1.538,0.867,1.489,6.247999999999998,16.71,6.167000000000002,3.841,2.655,8.317,-0.062,0.0,0.0,0.0
1930,2192,19740731,2,-0.111487,-0.148196,0.013,0.415,1.83,9.219,6.02,5.335,-20.121,6.346,6.346,0.124,0.459,0.413,0.187,0.092,0.091,0.098,0.127,0.023,0.05,0.071,0.086,0.138,0.04,0.11,0.128,0.091,0.299,0.685,0.298,0.421,0.4320000000000001,0.48,-0.999,-0.058,0.071,0.063,0.05,0.308,0.328,0.624,2.222,0.453,0.123,0.08199999999999999,0.298,1.6969999999999998,1.5619999999999998,0.603,0.242,0.459,2.818,3.913,109.067,0.112,1.538,0.867,1.489,6.247999999999998,16.71,6.167000000000002,3.841,2.655,8.317,-0.062,0.0,0.0,0.0
1968,2234,19740831,2,-0.04994,-0.018925,0.017,0.657,2.214,8.558,5.46,5.4,-3.583,6.752000000000002,6.752000000000002,0.118,0.431,0.413,0.189,0.077,0.077,0.094,0.127,0.02,0.05,0.07,0.086,0.138,0.033,0.111,0.125,0.076,0.301,0.684,0.3,0.464,0.4320000000000001,0.48,-0.999,-0.166,0.071,0.063,0.05,0.365,0.329,0.624,2.382,0.454,0.139,0.084,0.303,1.6969999999999998,1.539,0.603,0.27,0.459,2.382,3.554,107.615,0.112,1.538,0.867,1.508,6.289,16.71,6.235,3.832,2.647,8.426,-0.083,0.0,0.0,0.0
2008,2276,19740930,2,-0.1693,-0.208226,0.017,0.52,2.214,6.859,5.15,5.4,-2.815,5.414,5.414,0.094,0.344,0.413,0.189,0.077,0.077,0.094,0.127,0.02,0.05,0.07,0.086,0.138,0.033,0.111,0.125,0.076,0.301,0.684,0.3,0.464,0.4320000000000001,0.48,-0.999,-0.166,0.071,0.063,0.05,0.365,0.329,0.624,2.382,0.454,0.139,0.084,0.303,1.6969999999999998,1.539,0.603,0.27,0.459,2.382,3.554,107.615,0.112,1.538,0.867,1.508,6.289,16.71,6.235,3.832,2.647,8.426,-0.083,0.0,0.0,0.0
2047,2318,19741031,2,0.127429,0.125475,0.017,0.586,2.214,7.727,4.85,5.4,-3.168,6.1,6.1,0.106,0.387,0.413,0.189,0.077,0.077,0.094,0.127,0.02,0.05,0.07,0.086,0.138,0.033,0.111,0.125,0.076,0.301,0.684,0.3,0.464,0.4320000000000001,0.48,-0.999,-0.166,0.071,0.063,0.05,0.365,0.329,0.624,2.382,0.454,0.139,0.084,0.303,1.6969999999999998,1.539,0.603,0.27,0.459,2.382,3.554,107.615,0.112,1.538,0.867,1.508,6.289,16.71,6.235,3.832,2.647,8.426,-0.083,0.0,0.0,0.0
2086,2360,19741130,2,-0.062066,-0.053591,0.017,0.202,3.1260000000000003,6.935,4.58,4.539,-2.193,4.586,4.586,0.094,0.363,0.413,0.202,0.086,0.086,0.108,0.133,0.022,0.057,0.078,0.098,0.163,0.037000000000000005,0.123,0.142,0.085,0.3,0.685,0.299,0.513,0.4320000000000001,0.48,-0.999,-0.179,0.071,0.063,0.053,0.421,0.353,0.624,2.281,0.452,0.162,0.087,0.305,1.6969999999999998,1.518,0.603,0.299,0.459,2.361,3.801,104.3,0.112,1.538,0.867,1.59,6.3679999999999986,16.71,6.582999999999998,3.988,2.754,8.881,-0.097,0.0,0.0,0.0
2125,2402,19741231,2,-0.0134,0.022873,0.017,0.21,3.1260000000000003,6.8820000000000014,4.65,4.539,-2.171,4.496,4.496,0.095,0.362,0.413,0.202,0.086,0.086,0.108,0.133,0.022,0.057,0.078,0.098,0.163,0.037000000000000005,0.123,0.142,0.085,0.3,0.685,0.299,0.513,0.4320000000000001,0.48,-0.999,-0.179,0.071,0.063,0.053,0.421,0.353,0.624,2.281,0.452,0.162,0.087,0.305,1.6969999999999998,1.518,0.603,0.299,0.459,2.361,3.801,104.3,0.112,1.538,0.867,1.59,6.3679999999999986,16.71,6.582999999999998,3.988,2.754,8.881,-0.097,0.0,0.0,0.0
2169,2444,19750131,2,0.27729000000000004,0.234523,0.017,0.253,3.1260000000000003,8.647,4.89,4.539,-2.734,5.715,5.715,0.118,0.453,0.413,0.202,0.086,0.086,0.108,0.133,0.022,0.057,0.078,0.098,0.163,0.037000000000000005,0.123,0.142,0.085,0.3,0.685,0.299,0.513,0.4320000000000001,0.48,-0.999,-0.179,0.071,0.063,0.053,0.421,0.353,0.624,2.281,0.452,0.162,0.087,0.305,1.6969999999999998,1.518,0.603,0.299,0.459,2.361,3.801,104.3,0.112,1.538,0.867,1.59,6.3679999999999986,16.71,6.582999999999998,3.988,2.754,8.881,-0.097,0.0,0.0,0.0
2203,2486,19750228,2,0.039461,0.084757,0.373,0.208,3.648,7.89,4.65,5.415,11.244000000000002,6.1960000000000015,6.1960000000000015,0.118,0.43,0.331,0.154,0.08,0.08,0.108,0.115,0.02,0.043,0.061,0.066,0.114,0.032,0.09,0.101,0.07400000000000001,0.447,0.5379999999999999,0.442,0.485,0.452,0.475,-22.537,-0.013,-0.009000000000000001,0.054000000000000006,0.041,0.08900000000000001,0.246,0.515,3.843,0.7390000000000001,0.12,0.1,0.421,2.015,1.949,0.6559999999999999,0.302,0.599,2.113,2.4090000000000003,96.809,0.105,1.75,0.956,1.515,5.51,9.515,6.022,4.087,2.23,5.73,-0.036000000000000004,0.009000000000000001,0.0,0.194
2243,2528,19750331,2,0.0026260000000000003,-0.046059,0.373,0.2,3.648,7.693,3.4,5.415,13.338,6.155,6.155,0.113,0.413,0.331,0.154,0.08,0.08,0.108,0.115,0.02,0.043,0.061,0.066,0.114,0.032,0.09,0.101,0.07400000000000001,0.447,0.5379999999999999,0.442,0.485,0.452,0.475,-22.537,-0.013,-0.009000000000000001,0.054000000000000006,0.041,0.08900000000000001,0.246,0.515,3.843,0.7390000000000001,0.12,0.1,0.421,2.015,1.949,0.6559999999999999,0.302,0.599,2.113,2.4090000000000003,96.809,0.105,1.75,0.956,1.515,5.51,9.515,6.022,4.087,2.23,5.73,-0.036000000000000004,0.009000000000000001,0.0,0.194
2280,2570,19750430,2,0.006217,0.072523,0.373,0.209,3.648,7.905,4.98,5.415,10.311,6.162000000000001,6.162000000000001,0.119,0.433,0.331,0.154,0.08,0.08,0.108,0.115,0.02,0.043,0.061,0.066,0.114,0.032,0.09,0.101,0.07400000000000001,0.447,0.5379999999999999,0.442,0.485,0.452,0.475,-22.537,-0.013,-0.009000000000000001,0.054000000000000006,0.041,0.08900000000000001,0.246,0.515,3.843,0.7390000000000001,0.12,0.1,0.421,2.015,1.949,0.6559999999999999,0.302,0.599,2.113,2.4090000000000003,96.809,0.105,1.75,0.956,1.515,5.51,9.515,6.022,4.087,2.23,5.73,-0.036000000000000004,0.009000000000000001,0.0,0.194
2324,2612,19750531,2,0.047536,0.084489,0.033,0.203,2.766,8.687999999999999,1.74,5.244,-1.5519999999999998,6.225,6.225,0.124,0.456,0.331,0.159,0.07,0.07,0.102,0.115,0.017,0.045,0.063,0.066,0.109,0.028,0.09,0.107,0.069,0.382,0.603,0.38,0.539,0.452,0.475,-22.537,0.11,-0.009000000000000001,0.054000000000000006,0.041,0.297,0.258,0.515,3.646,0.605,0.135,0.094,0.327,2.015,1.965,0.6559999999999999,0.299,0.599,1.897,2.404,88.29899999999998,0.105,1.75,0.956,1.391,5.306,9.515,5.3279999999999985,4.147,2.5380000000000003,5.742000000000001,0.029,0.0,0.0,0.194
2360,2654,19750630,2,0.236073,0.293648,0.033,0.257,2.766,10.937,3.5,5.244,-1.6230000000000002,7.723,7.723,0.158,0.58,0.331,0.159,0.07,0.07,0.102,0.115,0.017,0.045,0.063,0.066,0.109,0.028,0.09,0.107,0.069,0.382,0.603,0.38,0.539,0.452,0.475,-22.537,0.11,-0.009000000000000001,0.054000000000000006,0.041,0.297,0.258,0.515,3.646,0.605,0.135,0.094,0.327,2.015,1.965,0.6559999999999999,0.299,0.599,1.897,2.404,88.29899999999998,0.105,1.75,0.956,1.391,5.306,9.515,5.3279999999999985,4.147,2.5380000000000003,5.742000000000001,0.029,0.0,0.0,0.194
2400,2696,19750731,2,-0.128411,-0.163697,0.033,0.218,2.766,9.315,5.27,5.244,-1.626,6.6610000000000005,6.6610000000000005,0.133,0.49,0.331,0.159,0.07,0.07,0.102,0.115,0.017,0.045,0.063,0.066,0.109,0.028,0.09,0.107,0.069,0.382,0.603,0.38,0.539,0.452,0.475,-22.537,0.11,-0.009000000000000001,0.054000000000000006,0.041,0.297,0.258,0.515,3.646,0.605,0.135,0.094,0.327,2.015,1.965,0.6559999999999999,0.299,0.599,1.897,2.404,88.29899999999998,0.105,1.75,0.956,1.391,5.306,9.515,5.3279999999999985,4.147,2.5380000000000003,5.742000000000001,0.029,0.0,0.0,0.194
2441,2738,19750831,2,-0.056267,-0.029876,0.037000000000000005,0.202,2.448,8.413,3.81,5.289,1.588,6.233,6.233,0.121,0.462,0.331,0.161,0.067,0.068,0.094,0.113,0.016,0.044,0.063,0.069,0.114,0.027000000000000003,0.093,0.108,0.066,0.413,0.5720000000000001,0.41,0.527,0.452,0.475,-22.537,0.28800000000000003,-0.009000000000000001,0.047,0.04,0.224,0.262,0.521,3.632,0.662,0.121,0.094,0.369,2.019,1.954,0.654,0.308,0.599,1.847,2.427,84.631,0.092,1.733,0.947,1.429,5.447,9.515,5.457000000000002,4.26,2.476,6.0,0.083,0.0,0.0,0.194
2481,2780,19750930,2,-0.054031,-0.124726,0.037000000000000005,0.17800000000000002,2.448,7.588999999999999,4.31,5.289,1.492,5.756,5.756,0.107,0.409,0.331,0.161,0.067,0.068,0.094,0.113,0.016,0.044,0.063,0.069,0.114,0.027000000000000003,0.093,0.108,0.066,0.413,0.5720000000000001,0.41,0.527,0.452,0.475,-22.537,0.28800000000000003,-0.009000000000000001,0.047,0.04,0.224,0.262,0.521,3.632,0.662,0.121,0.094,0.369,2.019,1.954,0.654,0.308,0.599,1.847,2.427,84.631,0.092,1.733,0.947,1.429,5.447,9.515,5.457000000000002,4.26,2.476,6.0,0.083,0.0,0.0,0.194
2521,2823,19751031,2,0.020099,-0.0055130000000000005,0.037000000000000005,0.17800000000000002,2.448,7.659,4.29,5.289,1.527,5.858,5.858,0.108,0.41,0.331,0.161,0.067,0.068,0.094,0.113,0.016,0.044,0.063,0.069,0.114,0.027000000000000003,0.093,0.108,0.066,0.413,0.5720000000000001,0.41,0.527,0.452,0.475,-22.537,0.28800000000000003,-0.009000000000000001,0.047,0.04,0.224,0.262,0.521,3.632,0.662,0.121,0.094,0.369,2.019,1.954,0.654,0.308,0.599,1.847,2.427,84.631,0.092,1.733,0.947,1.429,5.447,9.515,5.457000000000002,4.26,2.476,6.0,0.083,0.0,0.0,0.194
2563,2866,19751130,2,0.064127,0.092685,0.028,0.344,3.04,7.732,5.11,5.252999999999999,0.944,6.157,6.157,0.112,0.438,0.331,0.165,0.07200000000000001,0.07200000000000001,0.08800000000000001,0.112,0.016,0.045,0.063,0.07200000000000001,0.119,0.03,0.095,0.11,0.068,0.439,0.545,0.435,0.493,0.45,0.473,-22.537,0.482,-0.009000000000000001,0.044,0.039,0.117,0.268,0.524,3.565,0.716,0.104,0.092,0.413,2.024,1.935,0.653,0.304,0.599,1.924,2.585,81.574,0.087,1.731,0.94,1.445,5.579,9.515,5.478,4.277,2.377,6.053,0.14,0.0,0.0,0.194
2602,2909,19751231,2,0.027768,-0.027602,0.028,0.32,3.04,7.717,0.41,5.252999999999999,0.945,6.261,6.261,0.11,0.431,0.331,0.165,0.07200000000000001,0.07200000000000001,0.08800000000000001,0.112,0.016,0.045,0.063,0.07200000000000001,0.119,0.03,0.095,0.11,0.068,0.439,0.545,0.435,0.493,0.45,0.473,-22.537,0.482,-0.009000000000000001,0.044,0.039,0.117,0.268,0.524,3.565,0.716,0.104,0.092,0.413,2.024,1.935,0.653,0.304,0.599,1.924,2.585,81.574,0.087,1.731,0.94,1.445,5.579,9.515,5.478,4.277,2.377,6.053,0.14,0.0,0.0,0.194
2643,2952,19760131,2,0.343616,0.327154,0.028,0.421,3.04,10.327,3.04,5.252999999999999,1.266,8.416,8.416,0.147,0.574,0.331,0.165,0.07200000000000001,0.07200000000000001,0.08800000000000001,0.112,0.016,0.045,0.063,0.07200000000000001,0.119,0.03,0.095,0.11,0.068,0.439,0.545,0.435,0.493,0.45,0.473,-22.537,0.482,-0.009000000000000001,0.044,0.039,0.117,0.268,0.524,3.565,0.716,0.104,0.092,0.413,2.024,1.935,0.653,0.304,0.599,1.924,2.585,81.574,0.087,1.731,0.94,1.445,5.579,9.515,5.478,4.277,2.377,6.053,0.14,0.0,0.0,0.194
2683,2995,19760229,2,0.115001,0.113429,0.328,0.33,2.7460000000000004,9.208,4.44,4.583,3.2960000000000003,9.327,9.327,0.162,0.619,0.435,0.172,0.083,0.083,0.08800000000000001,0.121,0.02,0.051,0.071,0.079,0.135,0.037000000000000005,0.103,0.123,0.078,0.389,0.595,0.385,0.463,0.458,0.457,0.391,0.213,0.107,0.067,0.043,0.172,0.313,0.5539999999999999,2.919,0.609,0.106,0.092,0.383,1.877,1.818,0.639,0.28,0.484,2.166,3.032,107.947,0.126,1.755,0.943,1.449,4.96,10.294,5.614,4.077,2.474,6.597,0.041,0.008,0.0,0.189
2729,3038,19760331,2,0.00828,0.032451,0.328,0.343,2.7460000000000004,9.328,4.32,4.583,3.325,9.304,9.304,0.16399999999999998,0.629,0.435,0.172,0.083,0.083,0.08800000000000001,0.121,0.02,0.051,0.071,0.079,0.135,0.037000000000000005,0.103,0.123,0.078,0.389,0.595,0.385,0.463,0.458,0.457,0.391,0.213,0.107,0.067,0.043,0.172,0.313,0.5539999999999999,2.919,0.609,0.106,0.092,0.383,1.877,1.818,0.639,0.28,0.484,2.166,3.032,107.947,0.126,1.755,0.943,1.449,4.96,10.294,5.614,4.077,2.474,6.597,0.041,0.008,0.0,0.189
2766,3081,19760430,2,0.028460000000000006,-0.001715,0.328,0.336,2.7460000000000004,9.46,4.04,4.583,3.39,9.628,9.628,0.166,0.635,0.435,0.172,0.083,0.083,0.08800000000000001,0.121,0.02,0.051,0.071,0.079,0.135,0.037000000000000005,0.103,0.123,0.078,0.389,0.595,0.385,0.463,0.458,0.457,0.391,0.213,0.107,0.067,0.043,0.172,0.313,0.5539999999999999,2.919,0.609,0.106,0.092,0.383,1.877,1.818,0.639,0.28,0.484,2.166,3.032,107.947,0.126,1.755,0.943,1.449,4.96,10.294,5.614,4.077,2.474,6.597,0.041,0.008,0.0,0.189
2807,3124,19760531,2,0.028148000000000006,0.027514,0.01,0.245,2.463,10.212,3.19,4.581,2.75,6.299,6.299,0.159,0.633,0.435,0.182,0.12,0.119,0.105,0.122,0.026,0.054000000000000006,0.073,0.08199999999999999,0.147,0.049,0.109,0.133,0.109,0.411,0.573,0.406,0.458,0.514,0.411,0.391,0.298,0.107,0.06,0.045,0.117,0.337,0.542,2.8080000000000003,0.65,0.101,0.08900000000000001,0.396,1.862,1.85,0.6409999999999999,0.281,0.471,2.72,3.48,124.168,0.12,1.751,0.892,1.56,4.519,10.294,6.687,4.482,2.612,6.732,0.051,0.0,0.0,0.189
2846,3167,19760630,2,0.243579,0.254715,0.01,0.303,2.463,12.688,5.21,4.581,3.423,7.817,7.817,0.197,0.7879999999999999,0.435,0.182,0.12,0.119,0.105,0.122,0.026,0.054000000000000006,0.073,0.08199999999999999,0.147,0.049,0.109,0.133,0.109,0.411,0.573,0.406,0.458,0.514,0.411,0.391,0.298,0.107,0.06,0.045,0.117,0.337,0.542,2.8080000000000003,0.65,0.101,0.08900000000000001,0.396,1.862,1.85,0.6409999999999999,0.281,0.471,2.72,3.48,124.168,0.12,1.751,0.892,1.56,4.519,10.294,6.687,4.482,2.612,6.732,0.051,0.0,0.0,0.189
2891,3211,19760731,2,-0.028806,-0.030342,0.01,0.295,2.463,12.315,4.41,4.581,3.321,7.588999999999999,7.588999999999999,0.191,0.764,0.435,0.182,0.12,0.119,0.105,0.122,0.026,0.054000000000000006,0.073,0.08199999999999999,0.147,0.049,0.109,0.133,0.109,0.411,0.573,0.406,0.458,0.514,0.411,0.391,0.298,0.107,0.06,0.045,0.117,0.337,0.542,2.8080000000000003,0.65,0.101,0.08900000000000001,0.396,1.862,1.85,0.6409999999999999,0.281,0.471,2.72,3.48,124.168,0.12,1.751,0.892,1.56,4.519,10.294,6.687,4.482,2.612,6.732,0.051,0.0,0.0,0.189
2926,3255,19760831,2,0.002013,0.0008550000000000001,0.006999999999999999,0.173,2.356,11.195,4.0,4.432,2.491,6.174,6.174,0.181,0.735,0.435,0.188,0.149,0.14800000000000002,0.121,0.125,0.031,0.056,0.076,0.087,0.158,0.059,0.113,0.14400000000000002,0.135,0.387,0.597,0.383,0.4320000000000001,0.516,0.391,0.391,0.336,0.107,0.07200000000000001,0.046,0.12,0.342,0.5660000000000001,2.652,0.6,0.106,0.093,0.373,1.858,1.804,0.637,0.262,0.463,3.2260000000000004,3.962,118.8,0.13699999999999998,1.71,0.853,1.651,4.506,10.294,7.395,4.6560000000000015,2.807,7.447,0.079,0.0,0.0,0.189
2969,3299,19760930,2,0.010367,0.00855,0.006999999999999999,0.174,2.356,11.251,0.84,4.432,2.511,6.207000000000002,6.207000000000002,0.182,0.738,0.435,0.188,0.149,0.14800000000000002,0.121,0.125,0.031,0.056,0.076,0.087,0.158,0.059,0.113,0.14400000000000002,0.135,0.387,0.597,0.383,0.4320000000000001,0.516,0.391,0.391,0.336,0.107,0.07200000000000001,0.046,0.12,0.342,0.5660000000000001,2.652,0.6,0.106,0.093,0.373,1.858,1.804,0.637,0.262,0.463,3.2260000000000004,3.962,118.8,0.13699999999999998,1.71,0.853,1.651,4.506,10.294,7.395,4.6560000000000015,2.807,7.447,0.079,0.0,0.0,0.189
3007,3343,19761031,2,-0.049711,-0.066733,0.006999999999999999,0.16399999999999998,2.356,10.608,4.53,4.432,2.403,5.857,5.857,0.171,0.6940000000000001,0.435,0.188,0.149,0.14800000000000002,0.121,0.125,0.031,0.056,0.076,0.087,0.158,0.059,0.113,0.14400000000000002,0.135,0.387,0.597,0.383,0.4320000000000001,0.516,0.391,0.391,0.336,0.107,0.07200000000000001,0.046,0.12,0.342,0.5660000000000001,2.652,0.6,0.106,0.093,0.373,1.858,1.804,0.637,0.262,0.463,3.2260000000000004,3.962,118.8,0.13699999999999998,1.71,0.853,1.651,4.506,10.294,7.395,4.6560000000000015,2.807,7.447,0.079,0.0,0.0,0.189
3048,3387,19761130,2,0.004642,-0.013059,0.006999999999999999,0.17600000000000002,2.38,9.705,2.65,2.72,1.805,5.811,5.811,0.168,0.675,0.435,-0.266,0.146,0.14400000000000002,0.108,-0.127,0.031,0.067,0.099,0.121,0.199,0.05,0.165,0.184,0.133,0.354,0.63,0.349,0.406,0.537,0.368,0.391,0.417,0.107,0.077,0.057,0.153,0.54,0.591,1.739,0.534,0.104,0.08900000000000001,0.34600000000000003,1.812,1.732,0.629,0.246,0.447,2.74,4.458,97.003,0.142,1.661,0.795,1.6780000000000002,7.739,10.294,8.068999999999999,4.602,2.9130000000000003,8.399,0.104,0.0,0.0,0.189
3088,3431,19761231,2,0.136022,0.13746,0.006999999999999999,0.2,2.38,11.011,4.29,2.72,2.051,6.572,6.572,0.19,0.7659999999999999,0.435,-0.266,0.146,0.14400000000000002,0.108,-0.127,0.031,0.067,0.099,0.121,0.199,0.05,0.165,0.184,0.133,0.354,0.63,0.349,0.406,0.537,0.368,0.391,0.417,0.107,0.077,0.057,0.153,0.54,0.591,1.739,0.534,0.104,0.08900000000000001,0.34600000000000003,1.812,1.732,0.629,0.246,0.447,2.74,4.458,97.003,0.142,1.661,0.795,1.6780000000000002,7.739,10.294,8.068999999999999,4.602,2.9130000000000003,8.399,0.104,0.0,0.0,0.189
3128,3475,19770131,2,-0.003571,-0.0054670000000000005,0.006999999999999999,0.199,2.38,10.963,4.73,2.72,2.045,6.546,6.546,0.189,0.762,0.435,-0.266,0.146,0.14400000000000002,0.108,-0.127,0.031,0.067,0.099,0.121,0.199,0.05,0.165,0.184,0.133,0.354,0.63,0.349,0.406,0.537,0.368,0.391,0.417,0.107,0.077,0.057,0.153,0.54,0.591,1.739,0.534,0.104,0.08900000000000001,0.34600000000000003,1.812,1.732,0.629,0.246,0.447,2.74,4.458,97.003,0.142,1.661,0.795,1.6780000000000002,7.739,10.294,8.068999999999999,4.602,2.9130000000000003,8.399,0.104,0.0,0.0,0.189
3167,3519,19770228,2,-0.121909,-0.131615,0.223,0.17800000000000002,1.426,8.479,4.29,4.204,-7.68,6.059,6.059,0.161,0.6559999999999999,0.451,0.209,0.134,0.132,0.114,0.129,0.029,0.06,0.078,0.108,0.189,0.053,0.13,0.171,0.123,0.308,0.6709999999999999,0.3,0.364,0.463,0.448,0.747,0.188,0.16399999999999998,0.075,0.05,0.146,0.33,0.6559999999999999,1.758,0.457,0.103,0.083,0.28600000000000003,1.851,1.716,0.628,0.22,0.42,3.652,5.586,110.819,0.113,1.485,0.7879999999999999,1.6869999999999998,5.64,21.919,6.805,4.463,2.985,10.145,0.055,0.008,0.0,0.16399999999999998
3210,3563,19770331,2,0.006667,0.006667,0.223,0.212,1.426,10.656,3.92,4.204,-8.464,7.235,7.235,0.205,0.828,0.451,0.209,0.134,0.132,0.114,0.129,0.029,0.06,0.078,0.108,0.189,0.053,0.13,0.171,0.123,0.308,0.6709999999999999,0.3,0.364,0.463,0.448,0.747,0.188,0.16399999999999998,0.075,0.05,0.146,0.33,0.6559999999999999,1.758,0.457,0.103,0.083,0.28600000000000003,1.851,1.716,0.628,0.22,0.42,3.652,5.586,110.819,0.113,1.485,0.7879999999999999,1.6869999999999998,5.64,21.919,6.805,4.463,2.985,10.145,0.055,0.008,0.0,0.16399999999999998
3249,3607,19770430,2,0.269825,0.376572,0.223,0.229,1.426,11.495,3.61,4.204,-9.204,7.822,7.822,0.221,0.893,0.451,0.209,0.134,0.132,0.114,0.129,0.029,0.06,0.078,0.108,0.189,0.053,0.13,0.171,0.123,0.308,0.6709999999999999,0.3,0.364,0.463,0.448,0.747,0.188,0.16399999999999998,0.075,0.05,0.146,0.33,0.6559999999999999,1.758,0.457,0.103,0.083,0.28600000000000003,1.851,1.716,0.628,0.22,0.42,3.652,5.586,110.819,0.113,1.485,0.7879999999999999,1.6869999999999998,5.64,21.919,6.805,4.463,2.985,10.145,0.055,0.008,0.0,0.16399999999999998
3289,3651,19770531,2,0.012663,0.022089,0.006,0.227,1.453,11.692,3.49,3.3080000000000003,5.3820000000000014,7.662000000000001,7.662000000000001,0.22,0.861,0.451,0.23,0.142,0.14,0.12,0.13699999999999998,0.03,0.05,0.085,0.098,0.161,0.056,0.146,0.14800000000000002,0.13,0.32,0.664,0.316,0.3720000000000001,0.524,0.368,0.747,0.188,0.16399999999999998,0.094,0.052000000000000005,0.153,0.416,0.628,1.4,0.47,0.105,0.084,0.309,1.809,1.6740000000000002,0.622,0.225,0.421,3.796,5.819,110.38,0.152,1.5759999999999998,0.7709999999999999,1.703,5.7620000000000005,20.724,8.133,4.579,3.032,9.383,0.031,0.0,0.0,0.16399999999999998
3325,3695,19770630,2,-0.018634,-0.007585,0.006,0.223,1.453,11.503,4.57,3.3080000000000003,5.24,7.528,7.528,0.217,0.848,0.451,0.23,0.142,0.14,0.12,0.13699999999999998,0.03,0.05,0.085,0.098,0.161,0.056,0.146,0.14800000000000002,0.13,0.32,0.664,0.316,0.3720000000000001,0.524,0.368,0.747,0.188,0.16399999999999998,0.094,0.052000000000000005,0.153,0.416,0.628,1.4,0.47,0.105,0.084,0.309,1.809,1.6740000000000002,0.622,0.225,0.421,3.796,5.819,110.38,0.152,1.5759999999999998,0.7709999999999999,1.703,5.7620000000000005,20.724,8.133,4.579,3.032,9.383,0.031,0.0,0.0,0.16399999999999998
3369,3739,19770731,2,0.073424,0.035974,0.006,0.235,1.453,12.108,4.31,3.3080000000000003,5.724,7.898,7.898,0.227,0.889,0.451,0.23,0.142,0.14,0.12,0.13699999999999998,0.03,0.05,0.085,0.098,0.161,0.056,0.146,0.14800000000000002,0.13,0.32,0.664,0.316,0.3720000000000001,0.524,0.368,0.747,0.188,0.16399999999999998,0.094,0.052000000000000005,0.153,0.416,0.628,1.4,0.47,0.105,0.084,0.309,1.809,1.6740000000000002,0.622,0.225,0.421,3.796,5.819,110.38,0.152,1.5759999999999998,0.7709999999999999,1.703,5.7620000000000005,20.724,8.133,4.579,3.032,9.383,0.031,0.0,0.0,0.16399999999999998
3405,3783,19770831,2,0.151998,0.262987,0.005,0.233,1.442,13.86,1.16,3.41,9.499,9.25,9.25,0.273,1.043,0.451,0.233,0.14800000000000002,0.146,0.123,0.138,0.031,0.052000000000000005,0.086,0.102,0.17,0.059,0.149,0.154,0.135,0.316,0.6679999999999999,0.313,0.373,0.512,0.3720000000000001,0.747,0.141,0.16399999999999998,0.104,0.053,0.154,0.422,0.633,1.36,0.459,0.104,0.08199999999999999,0.305,1.843,1.6669999999999998,0.621,0.224,0.412,3.957,6.06,110.783,0.158,1.571,0.7829999999999999,1.693,5.718,20.208,7.943,4.53,3.023,9.176,0.013,0.0,0.0,0.16399999999999998
3446,3827,19770930,2,0.010985,-0.002081,0.005,0.224,1.442,13.613,6.24,3.41,9.905,8.921,8.921,0.266,1.021,0.451,0.233,0.14800000000000002,0.146,0.123,0.138,0.031,0.052000000000000005,0.086,0.102,0.17,0.059,0.149,0.154,0.135,0.316,0.6679999999999999,0.313,0.373,0.512,0.3720000000000001,0.747,0.141,0.16399999999999998,0.104,0.053,0.154,0.422,0.633,1.36,0.459,0.104,0.08199999999999999,0.305,1.843,1.6669999999999998,0.621,0.224,0.412,3.957,6.06,110.783,0.158,1.571,0.7829999999999999,1.693,5.718,20.208,7.943,4.53,3.023,9.176,0.013,0.0,0.0,0.16399999999999998
3472,3871,19771031,2,0.004409000000000001,-0.004026,0.005,0.223,1.442,13.602,3.04,3.41,10.011,8.902999999999997,8.902999999999997,0.265,1.019,0.451,0.233,0.14800000000000002,0.146,0.123,0.138,0.031,0.052000000000000005,0.086,0.102,0.17,0.059,0.149,0.154,0.135,0.316,0.6679999999999999,0.313,0.373,0.512,0.3720000000000001,0.747,0.141,0.16399999999999998,0.104,0.053,0.154,0.422,0.633,1.36,0.459,0.104,0.08199999999999999,0.305,1.843,1.6669999999999998,0.621,0.224,0.412,3.957,6.06,110.783,0.158,1.571,0.7829999999999999,1.693,5.718,20.208,7.943,4.53,3.023,9.176,0.013,0.0,0.0,0.16399999999999998
3513,3915,19771130,2,0.052176,0.033359,0.005,0.368,1.245,13.412,3.08,3.4610000000000003,73.138,8.698,8.698,0.264,1.077,0.451,0.239,0.157,0.155,0.129,0.139,0.032,0.062,0.08800000000000001,0.121,0.206,0.061,0.155,0.18600000000000005,0.14400000000000002,0.321,0.664,0.317,0.387,0.486,0.389,0.747,0.066,0.16399999999999998,0.116,0.054000000000000006,0.166,0.434,0.637,1.29,0.459,0.106,0.08199999999999999,0.303,1.924,1.703,0.625,0.229,0.42,4.066,6.268,111.047,0.166,1.564,0.8170000000000001,1.706,5.877999999999999,20.133,7.565,4.6,3.064,8.974,-0.022,0.0,0.0,0.16399999999999998
3569,3959,19771231,2,0.033710000000000004,0.021009,0.005,0.3720000000000001,1.245,13.826,5.93,3.4610000000000003,76.499,8.86,8.86,0.271,1.108,0.451,0.239,0.157,0.155,0.129,0.139,0.032,0.062,0.08800000000000001,0.121,0.206,0.061,0.155,0.18600000000000005,0.14400000000000002,0.321,0.664,0.317,0.387,0.486,0.389,0.747,0.066,0.16399999999999998,0.116,0.054000000000000006,0.166,0.434,0.637,1.29,0.459,0.106,0.08199999999999999,0.303,1.924,1.703,0.625,0.229,0.42,4.066,6.268,111.047,0.166,1.564,0.8170000000000001,1.706,5.877999999999999,20.133,7.565,4.6,3.064,8.974,-0.022,0.0,0.0,0.16399999999999998
3615,4003,19780131,2,0.167939,0.06458799999999999,0.005,0.385,1.245,15.308,6.29,3.4610000000000003,79.15899999999998,9.624,9.624,0.295,1.211,0.451,0.239,0.157,0.155,0.129,0.139,0.032,0.062,0.08800000000000001,0.121,0.206,0.061,0.155,0.18600000000000005,0.14400000000000002,0.321,0.664,0.317,0.387,0.486,0.389,0.747,0.066,0.16399999999999998,0.116,0.054000000000000006,0.166,0.434,0.637,1.29,0.459,0.106,0.08199999999999999,0.303,1.924,1.703,0.625,0.229,0.42,4.066,6.268,111.047,0.166,1.564,0.8170000000000001,1.706,5.877999999999999,20.133,7.565,4.6,3.064,8.974,-0.022,0.0,0.0,0.16399999999999998
9048,9954,19890430,1,0.08088200000000001,0.08088200000000001,0.247,0.634,0.422,27.457,2.12,6.067,5.216,18.193,18.193,0.865,3.0610000000000004,0.412,0.366,0.217,0.163,0.141,0.304,0.062,0.122,0.162,0.206,0.298,0.106,0.192,0.272,0.245,0.271,0.473,0.277,0.28300000000000003,0.5379999999999999,0.359,0.8320000000000001,0.853,0.39,0.032,0.102,0.02,0.8320000000000001,0.458,0.98,0.55,0.127,0.122,0.366,1.836,1.016,0.512,0.191,0.325,3.463,4.838,126.74,0.07,1.739,0.8029999999999999,1.189,3.624,16.659000000000002,7.715,2.469,1.784,6.957000000000002,0.123,0.0,0.0,0.0
9085,9997,19890531,1,0.076599,0.076599,0.52,0.609,0.426,31.393,3.02,5.8020000000000005,11.598,18.271,18.271,0.895,2.17,0.412,0.371,0.244,0.174,0.155,0.308,0.064,0.13,0.166,0.228,0.33,0.109,0.207,0.304,0.252,0.339,0.481,0.339,0.344,0.54,0.382,0.684,0.412,0.39,0.02,0.1,0.016,0.888,0.415,1.185,0.648,0.134,0.131,0.43,1.928,1.193,0.544,0.237,0.388,3.47,5.011,125.988,0.048,1.872,0.862,1.205,3.66,17.062,7.477,2.642,1.747,6.126,0.016,0.0,0.0,0.0
9129,10040,19890630,1,-0.028571,-0.028571,0.52,0.591,0.426,38.51300000000001,3.27,5.8020000000000005,14.229,17.749000000000006,17.749000000000006,1.097,2.662,0.412,0.371,0.244,0.174,0.155,0.308,0.064,0.13,0.166,0.228,0.33,0.109,0.207,0.304,0.252,0.339,0.481,0.339,0.344,0.54,0.382,0.684,0.412,0.39,0.02,0.1,0.016,0.888,0.415,1.185,0.648,0.134,0.131,0.43,1.928,1.193,0.544,0.237,0.388,3.47,5.011,125.988,0.048,1.872,0.862,1.205,3.66,17.062,7.477,2.642,1.747,6.126,0.016,0.0,0.0,0.0
9168,10083,19890731,1,0.137255,0.137255,0.52,0.6729999999999999,0.426,43.799,1.95,5.8020000000000005,16.182000000000002,20.186,20.186,1.248,3.028,0.412,0.371,0.244,0.174,0.155,0.308,0.064,0.13,0.166,0.228,0.33,0.109,0.207,0.304,0.252,0.339,0.481,0.339,0.344,0.54,0.382,0.684,0.412,0.39,0.02,0.1,0.016,0.888,0.415,1.185,0.648,0.134,0.131,0.43,1.928,1.193,0.544,0.237,0.388,3.47,5.011,125.988,0.048,1.872,0.862,1.205,3.66,17.062,7.477,2.642,1.747,6.126,0.016,0.0,0.0,0.0
9215,10126,19890831,1,0.016552,0.016552,0.431,0.5479999999999999,0.393,40.367,4.04,6.095,19.577,18.803,18.803,1.213,2.935,0.412,0.375,0.235,0.184,0.158,0.31,0.067,0.13699999999999998,0.172,0.245,0.36,0.115,0.21600000000000005,0.303,0.232,0.339,0.54,0.339,0.344,0.552,0.371,0.7170000000000001,0.327,0.39,0.015,0.102,0.013,0.908,0.42,1.133,0.578,0.122,0.12,0.4270000000000001,2.013,1.204,0.546,0.236,0.387,3.847,5.848,128.59,0.035,1.863,0.835,1.211,3.543,17.678,7.637,2.668,1.763,6.115,-0.006,0.0,0.0,0.0
9251,10170,19890930,1,0.034091,0.034091,0.431,0.5660000000000001,0.393,41.679,2.46,6.095,20.213,19.444000000000006,19.444000000000006,1.252,3.03,0.412,0.375,0.235,0.184,0.158,0.31,0.067,0.13699999999999998,0.172,0.245,0.36,0.115,0.21600000000000005,0.303,0.232,0.339,0.54,0.339,0.344,0.552,0.371,0.7170000000000001,0.327,0.39,0.015,0.102,0.013,0.908,0.42,1.133,0.578,0.122,0.12,0.4270000000000001,2.013,1.204,0.546,0.236,0.387,3.847,5.848,128.59,0.035,1.863,0.835,1.211,3.543,17.678,7.637,2.668,1.763,6.115,-0.006,0.0,0.0,0.0
9297,10214,19891031,1,0.041209,0.041209,0.431,0.59,0.393,43.397,1.28,6.095,21.046,20.246,20.246,1.304,3.155,0.412,0.375,0.235,0.184,0.158,0.31,0.067,0.13699999999999998,0.172,0.245,0.36,0.115,0.21600000000000005,0.303,0.232,0.339,0.54,0.339,0.344,0.552,0.371,0.7170000000000001,0.327,0.39,0.015,0.102,0.013,0.908,0.42,1.133,0.578,0.122,0.12,0.4270000000000001,2.013,1.204,0.546,0.236,0.387,3.847,5.848,128.59,0.035,1.863,0.835,1.211,3.543,17.678,7.637,2.668,1.763,6.115,-0.006,0.0,0.0,0.0
9335,10258,19891130,1,-0.08707100000000001,-0.08707100000000001,0.365,0.472,0.344,35.843,2.33,6.565,28.108,16.996,16.996,1.149,2.74,0.412,0.377,0.227,0.193,0.162,0.315,0.07,0.145,0.179,0.259,0.386,0.119,0.223,0.298,0.217,0.34600000000000003,0.59,0.34600000000000003,0.35,0.5589999999999999,0.358,0.551,0.219,0.39,0.017,0.104,0.013,0.96,0.407,1.125,0.54,0.117,0.116,0.434,2.089,1.219,0.5489999999999999,0.241,0.39,4.0,6.2170000000000005,134.34,0.042,1.943,0.858,1.199,3.386,18.854,7.702000000000001,2.66,1.74,5.688,-0.036000000000000004,0.0,0.0,0.0
9381,10302,19891231,1,0.02907,0.02907,0.365,0.486,0.344,37.05,3.23,6.565,29.054,17.49,17.49,1.187,2.832,0.412,0.377,0.227,0.193,0.162,0.315,0.07,0.145,0.179,0.259,0.386,0.119,0.223,0.298,0.217,0.34600000000000003,0.59,0.34600000000000003,0.35,0.5589999999999999,0.358,0.551,0.219,0.39,0.017,0.104,0.013,0.96,0.407,1.125,0.54,0.117,0.116,0.434,2.089,1.219,0.5489999999999999,0.241,0.39,4.0,6.2170000000000005,134.34,0.042,1.943,0.858,1.199,3.386,18.854,7.702000000000001,2.66,1.74,5.688,-0.036000000000000004,0.0,0.0,0.0
9419,10346,19900131,1,0.050847,0.050847,0.365,0.511,0.344,38.934,2.19,6.565,30.532,18.379,18.379,1.248,2.9760000000000004,0.412,0.377,0.227,0.193,0.162,0.315,0.07,0.145,0.179,0.259,0.386,0.119,0.223,0.298,0.217,0.34600000000000003,0.59,0.34600000000000003,0.35,0.5589999999999999,0.358,0.551,0.219,0.39,0.017,0.104,0.013,0.96,0.407,1.125,0.54,0.117,0.116,0.434,2.089,1.219,0.5489999999999999,0.241,0.39,4.0,6.2170000000000005,134.34,0.042,1.943,0.858,1.199,3.386,18.854,7.702000000000001,2.66,1.74,5.688,-0.036000000000000004,0.0,0.0,0.0
9465,10390,19900228,1,-0.016128999999999998,-0.016128999999999998,0.295,0.414,0.35700000000000004,29.546,2.5,7.444,11.782,16.135,16.135,1.194,2.878,0.414,0.398,0.238,0.199,0.195,0.309,0.076,0.14300000000000002,0.17600000000000002,0.277,0.436,0.13,0.233,0.316,0.229,0.17800000000000002,0.8079999999999999,0.18,0.27,0.525,0.316,0.779,0.493,0.274,0.093,0.112,0.333,0.855,0.555,0.7609999999999999,0.215,0.225,0.18600000000000005,0.241,1.911,0.9,0.477,0.172,0.28,3.996,5.645,111.462,0.168,1.6469999999999998,0.7829999999999999,1.328,4.093,22.352,9.35,2.463,2.019,7.518,0.034,0.0,0.0,0.0
9507,10434,19900331,1,0.08241799999999999,0.08241799999999999,0.295,0.448,0.35700000000000004,31.981,2.26,7.444,12.753,17.465,17.465,1.2919999999999998,3.115,0.414,0.398,0.238,0.199,0.195,0.309,0.076,0.14300000000000002,0.17600000000000002,0.277,0.436,0.13,0.233,0.316,0.229,0.17800000000000002,0.8079999999999999,0.18,0.27,0.525,0.316,0.779,0.493,0.274,0.093,0.112,0.333,0.855,0.555,0.7609999999999999,0.215,0.225,0.18600000000000005,0.241,1.911,0.9,0.477,0.172,0.28,3.996,5.645,111.462,0.168,1.6469999999999998,0.7829999999999999,1.328,4.093,22.352,9.35,2.463,2.019,7.518,0.034,0.0,0.0,0.0
9545,10478,19900430,1,0.055838,0.055838,0.295,0.473,0.35700000000000004,33.766,2.34,7.444,13.465,18.44,18.44,1.364,3.289,0.414,0.398,0.238,0.199,0.195,0.309,0.076,0.14300000000000002,0.17600000000000002,0.277,0.436,0.13,0.233,0.316,0.229,0.17800000000000002,0.8079999999999999,0.18,0.27,0.525,0.316,0.779,0.493,0.274,0.093,0.112,0.333,0.855,0.555,0.7609999999999999,0.215,0.225,0.18600000000000005,0.241,1.911,0.9,0.477,0.172,0.28,3.996,5.645,111.462,0.168,1.6469999999999998,0.7829999999999999,1.328,4.093,22.352,9.35,2.463,2.019,7.518,0.034,0.0,0.0,0.0
9587,10522,19900531,1,0.12980799999999998,0.12980799999999998,0.298,0.439,0.336,40.27,3.0,7.113,13.925999999999998,18.571,18.571,1.554,3.516,0.414,0.393,0.226,0.224,0.183,0.324,0.086,0.151,0.19,0.259,0.388,0.14800000000000002,0.227,0.263,0.213,0.277,0.711,0.277,0.304,0.556,0.348,0.77,0.591,0.274,0.031,0.138,0.08800000000000001,1.007,0.447,0.885,0.366,0.151,0.138,0.364,2.044,1.054,0.513,0.204,0.336,4.703,6.507999999999999,133.623,0.069,1.886,0.8370000000000001,1.214,3.4130000000000003,18.848,8.06,2.494,1.803,5.975,0.031,0.0,0.0,0.0
9633,10566,19900630,1,0.094017,0.094017,0.298,0.481,0.336,44.157,5.09,7.113,15.27,20.317,20.317,1.704,3.856,0.414,0.393,0.226,0.224,0.183,0.324,0.086,0.151,0.19,0.259,0.388,0.14800000000000002,0.227,0.263,0.213,0.277,0.711,0.277,0.304,0.556,0.348,0.77,0.591,0.274,0.031,0.138,0.08800000000000001,1.007,0.447,0.885,0.366,0.151,0.138,0.364,2.044,1.054,0.513,0.204,0.336,4.703,6.507999999999999,133.623,0.069,1.886,0.8370000000000001,1.214,3.4130000000000003,18.848,8.06,2.494,1.803,5.975,0.031,0.0,0.0,0.0
9675,10610,19900731,1,-0.06640599999999999,-0.06640599999999999,0.298,0.449,0.336,41.224,2.16,7.113,14.255999999999998,18.968,18.968,1.591,3.6,0.414,0.393,0.226,0.224,0.183,0.324,0.086,0.151,0.19,0.259,0.388,0.14800000000000002,0.227,0.263,0.213,0.277,0.711,0.277,0.304,0.556,0.348,0.77,0.591,0.274,0.031,0.138,0.08800000000000001,1.007,0.447,0.885,0.366,0.151,0.138,0.364,2.044,1.054,0.513,0.204,0.336,4.703,6.507999999999999,133.623,0.069,1.886,0.8370000000000001,1.214,3.4130000000000003,18.848,8.06,2.494,1.803,5.975,0.031,0.0,0.0,0.0
9713,10654,19900831,1,-0.125523,-0.125523,0.301,0.369,0.264,32.633,2.18,7.904,12.1,15.71,15.71,1.402,3.067,0.414,0.399,0.228,0.226,0.193,0.328,0.092,0.155,0.193,0.272,0.409,0.156,0.231,0.272,0.21600000000000005,0.224,0.765,0.224,0.271,0.5429999999999999,0.35100000000000003,0.726,0.598,0.274,0.036000000000000004,0.14300000000000002,0.174,0.995,0.485,0.765,0.278,0.177,0.147,0.305,1.963,0.944,0.486,0.179,0.3,5.2360000000000015,7.17,127.929,0.07400000000000001,1.7819999999999998,0.815,1.216,3.583,18.465,8.24,2.364,1.835,6.596,0.029,0.0,0.0,0.0
9755,10698,19900930,1,-0.288462,-0.288462,0.301,0.263,0.264,23.347,1.85,7.904,8.657,11.178,11.178,1.003,2.194,0.414,0.399,0.228,0.226,0.193,0.328,0.092,0.155,0.193,0.272,0.409,0.156,0.231,0.272,0.21600000000000005,0.224,0.765,0.224,0.271,0.5429999999999999,0.35100000000000003,0.726,0.598,0.274,0.036000000000000004,0.14300000000000002,0.174,0.995,0.485,0.765,0.278,0.177,0.147,0.305,1.963,0.944,0.486,0.179,0.3,5.2360000000000015,7.17,127.929,0.07400000000000001,1.7819999999999998,0.815,1.216,3.583,18.465,8.24,2.364,1.835,6.596,0.029,0.0,0.0,0.0
9797,10742,19901031,1,0.114865,0.114865,0.301,0.293,0.264,26.028,3.13,7.904,9.651,12.462,12.462,1.118,2.447,0.414,0.399,0.228,0.226,0.193,0.328,0.092,0.155,0.193,0.272,0.409,0.156,0.231,0.272,0.21600000000000005,0.224,0.765,0.224,0.271,0.5429999999999999,0.35100000000000003,0.726,0.598,0.274,0.036000000000000004,0.14300000000000002,0.174,0.995,0.485,0.765,0.278,0.177,0.147,0.305,1.963,0.944,0.486,0.179,0.3,5.2360000000000015,7.17,127.929,0.07400000000000001,1.7819999999999998,0.815,1.216,3.583,18.465,8.24,2.364,1.835,6.596,0.029,0.0,0.0,0.0
9839,10786,19901130,1,0.175758,0.175758,0.301,0.343,0.447,27.905,2.77,7.491,9.194,14.191,14.191,1.327,2.909,0.414,0.408,0.225,0.223,0.2,0.331,0.096,0.157,0.195,0.282,0.436,0.162,0.234,0.274,0.215,0.16699999999999998,0.823,0.16699999999999998,0.228,0.534,0.355,0.775,0.723,0.274,0.041,0.147,0.267,0.977,0.5379999999999999,0.619,0.195,0.221,0.162,0.238,1.853,0.8420000000000001,0.457,0.149,0.261,5.894,8.033999999999999,121.089,0.076,1.6669999999999998,0.777,1.231,3.762,17.709,8.464,2.267,1.888,7.508999999999999,0.059,0.0,0.0,0.0
9881,10830,19901231,1,0.025907,0.025907,0.301,0.35200000000000004,0.447,28.689,2.19,7.491,9.452,14.559,14.559,1.364,2.991,0.414,0.408,0.225,0.223,0.2,0.331,0.096,0.157,0.195,0.282,0.436,0.162,0.234,0.274,0.215,0.16699999999999998,0.823,0.16699999999999998,0.228,0.534,0.355,0.775,0.723,0.274,0.041,0.147,0.267,0.977,0.5379999999999999,0.619,0.195,0.221,0.162,0.238,1.853,0.8420000000000001,0.457,0.149,0.261,5.894,8.033999999999999,121.089,0.076,1.6669999999999998,0.777,1.231,3.762,17.709,8.464,2.267,1.888,7.508999999999999,0.059,0.0,0.0,0.0
9929,10874,19910131,1,0.207071,0.207071,0.301,0.424,0.447,34.63,3.18,7.491,11.41,17.574,17.574,1.6469999999999998,3.61,0.414,0.408,0.225,0.223,0.2,0.331,0.096,0.157,0.195,0.282,0.436,0.162,0.234,0.274,0.215,0.16699999999999998,0.823,0.16699999999999998,0.228,0.534,0.355,0.775,0.723,0.274,0.041,0.147,0.267,0.977,0.5379999999999999,0.619,0.195,0.221,0.162,0.238,1.853,0.8420000000000001,0.457,0.149,0.261,5.894,8.033999999999999,121.089,0.076,1.6669999999999998,0.777,1.231,3.762,17.709,8.464,2.267,1.888,7.508999999999999,0.059,0.0,0.0,0.0
9965,10919,19910228,1,-0.041004,-0.041004,0.294,0.483,0.355,27.413,0.46,7.782,12.109000000000002,17.066,17.066,1.581,3.242,0.407,0.406,0.211,0.21,0.204,0.33,0.094,0.158,0.19,0.28800000000000003,0.442,0.159,0.233,0.282,0.205,0.14800000000000002,0.843,0.149,0.166,0.474,0.29600000000000004,0.7390000000000001,0.772,0.387,0.139,0.13,0.103,1.122,0.5,0.489,0.171,0.173,0.131,0.246,1.756,0.706,0.416,0.114,0.206,7.181,10.345,119.137,0.278,2.07,1.09,1.231,3.811,22.089,9.268,2.109,1.794,5.527,0.044,0.0,0.0,0.0
10005,10966,19910331,1,0.122807,0.122807,0.294,0.542,0.355,30.779,3.83,7.782,13.595999999999998,19.162,19.162,1.776,3.64,0.407,0.406,0.211,0.21,0.204,0.33,0.094,0.158,0.19,0.28800000000000003,0.442,0.159,0.233,0.282,0.205,0.14800000000000002,0.843,0.149,0.166,0.474,0.29600000000000004,0.7390000000000001,0.772,0.387,0.139,0.13,0.103,1.122,0.5,0.489,0.171,0.173,0.131,0.246,1.756,0.706,0.416,0.114,0.206,7.181,10.345,119.137,0.278,2.07,1.09,1.231,3.811,22.089,9.268,2.109,1.794,5.527,0.044,0.0,0.0,0.0
10050,11013,19910430,1,-0.035156,-0.035156,0.294,0.523,0.355,29.697,1.96,7.782,13.118,18.488,18.488,1.713,3.512,0.407,0.406,0.211,0.21,0.204,0.33,0.094,0.158,0.19,0.28800000000000003,0.442,0.159,0.233,0.282,0.205,0.14800000000000002,0.843,0.149,0.166,0.474,0.29600000000000004,0.7390000000000001,0.772,0.387,0.139,0.13,0.103,1.122,0.5,0.489,0.171,0.173,0.131,0.246,1.756,0.706,0.416,0.114,0.206,7.181,10.345,119.137,0.278,2.07,1.09,1.231,3.811,22.089,9.268,2.109,1.794,5.527,0.044,0.0,0.0,0.0
10088,11060,19910531,1,0.150607,0.150607,0.319,0.652,0.289,35.346,1.95,7.779,18.786,22.109,22.109,1.938,3.82,0.407,0.424,0.209,0.208,0.195,0.345,0.094,0.16899999999999998,0.203,0.32,0.4970000000000001,0.155,0.252,0.304,0.202,0.151,0.84,0.151,0.197,0.502,0.338,0.642,0.564,0.387,0.069,0.11,0.232,1.111,0.524,0.529,0.173,0.175,0.135,0.237,1.78,0.753,0.429,0.132,0.235,7.47,11.645,116.219,0.132,1.837,0.914,1.231,3.88,18.503,8.786,2.157,1.831,6.526,0.012,0.0,0.0,0.0
10129,11107,19910630,1,-0.053004,-0.053004,0.319,0.618,0.289,33.477,1.62,7.779,17.793,20.938,20.938,1.836,3.618,0.407,0.424,0.209,0.208,0.195,0.345,0.094,0.16899999999999998,0.203,0.32,0.4970000000000001,0.155,0.252,0.304,0.202,0.151,0.84,0.151,0.197,0.502,0.338,0.642,0.564,0.387,0.069,0.11,0.232,1.111,0.524,0.529,0.173,0.175,0.135,0.237,1.78,0.753,0.429,0.132,0.235,7.47,11.645,116.219,0.132,1.837,0.914,1.231,3.88,18.503,8.786,2.157,1.831,6.526,0.012,0.0,0.0,0.0
10176,11154,19910731,1,0.119403,0.119403,0.319,0.691,0.289,37.474,2.89,7.779,19.917,23.438,23.438,2.055,4.05,0.407,0.424,0.209,0.208,0.195,0.345,0.094,0.16899999999999998,0.203,0.32,0.4970000000000001,0.155,0.252,0.304,0.202,0.151,0.84,0.151,0.197,0.502,0.338,0.642,0.564,0.387,0.069,0.11,0.232,1.111,0.524,0.529,0.173,0.175,0.135,0.237,1.78,0.753,0.429,0.132,0.235,7.47,11.645,116.219,0.132,1.837,0.914,1.231,3.88,18.503,8.786,2.157,1.831,6.526,0.012,0.0,0.0,0.0
10218,11201,19910831,1,0.107333,0.107333,0.306,0.773,0.287,38.415,0.64,7.342,21.192,24.925,24.925,2.2,4.266,0.407,0.446,0.222,0.22,0.206,0.355,0.099,0.17600000000000002,0.211,0.341,0.519,0.16399999999999998,0.268,0.32,0.214,0.14400000000000002,0.848,0.14400000000000002,0.182,0.499,0.33,0.659,0.601,0.387,0.08,0.11,0.205,1.224,0.52,0.466,0.163,0.174,0.138,0.236,1.749,0.715,0.417,0.124,0.222,8.271,12.913,115.964,0.153,1.94,0.973,1.255,3.856,19.474,9.029,2.152,1.842,6.157,0.006,0.0,0.0,0.0
10257,11248,19910930,1,0.054380999999999985,0.054380999999999985,0.306,0.815,0.287,42.115,2.11,7.342,23.233,26.28,26.28,2.411,4.677,0.407,0.446,0.222,0.22,0.206,0.355,0.099,0.17600000000000002,0.211,0.341,0.519,0.16399999999999998,0.268,0.32,0.214,0.14400000000000002,0.848,0.14400000000000002,0.182,0.499,0.33,0.659,0.601,0.387,0.08,0.11,0.205,1.224,0.52,0.466,0.163,0.174,0.138,0.236,1.749,0.715,0.417,0.124,0.222,8.271,12.913,115.964,0.153,1.94,0.973,1.255,3.856,19.474,9.029,2.152,1.842,6.157,0.006,0.0,0.0,0.0
10298,11295,19911031,1,0.0,0.0,0.306,0.815,0.287,42.115,2.06,7.342,23.233,26.28,26.28,2.411,4.677,0.407,0.446,0.222,0.22,0.206,0.355,0.099,0.17600000000000002,0.211,0.341,0.519,0.16399999999999998,0.268,0.32,0.214,0.14400000000000002,0.848,0.14400000000000002,0.182,0.499,0.33,0.659,0.601,0.387,0.08,0.11,0.205,1.224,0.52,0.466,0.163,0.174,0.138,0.236,1.749,0.715,0.417,0.124,0.222,8.271,12.913,115.964,0.153,1.94,0.973,1.255,3.856,19.474,9.029,2.152,1.842,6.157,0.006,0.0,0.0,0.0
10344,11342,19911130,1,-0.085387,-0.085387,0.294,0.8859999999999999,0.225,35.606,2.6,8.526,14.685,23.246,23.246,2.089,4.039,0.407,0.451,0.235,0.234,0.217,0.361,0.103,0.182,0.215,0.364,0.542,0.171,0.284,0.342,0.227,0.175,0.8190000000000001,0.175,0.203,0.52,0.285,0.7190000000000001,0.883,0.387,0.081,0.108,0.135,1.336,0.476,0.528,0.205,0.129,0.111,0.29100000000000004,1.826,0.732,0.423,0.142,0.24,9.16,14.327,109.291,0.171,1.973,0.947,1.25,3.863,20.837,11.049,2.164,1.784,6.379,0.049,0.0,0.0,0.0
10386,11389,19911231,1,0.150943,0.150943,0.294,1.02,0.225,41.062,1.96,8.526,16.936,26.754,26.754,2.4090000000000003,4.658,0.407,0.451,0.235,0.234,0.217,0.361,0.103,0.182,0.215,0.364,0.542,0.171,0.284,0.342,0.227,0.175,0.8190000000000001,0.175,0.203,0.52,0.285,0.7190000000000001,0.883,0.387,0.081,0.108,0.135,1.336,0.476,0.528,0.205,0.129,0.111,0.29100000000000004,1.826,0.732,0.423,0.142,0.24,9.16,14.327,109.291,0.171,1.973,0.947,1.25,3.863,20.837,11.049,2.164,1.784,6.379,0.049,0.0,0.0,0.0
10424,11436,19920131,1,0.06830599999999999,0.06830599999999999,0.294,1.089,0.225,43.867,2.38,8.526,18.092,28.582,28.582,2.573,4.976,0.407,0.451,0.235,0.234,0.217,0.361,0.103,0.182,0.215,0.364,0.542,0.171,0.284,0.342,0.227,0.175,0.8190000000000001,0.175,0.203,0.52,0.285,0.7190000000000001,0.883,0.387,0.081,0.108,0.135,1.336,0.476,0.528,0.205,0.129,0.111,0.29100000000000004,1.826,0.732,0.423,0.142,0.24,9.16,14.327,109.291,0.171,1.973,0.947,1.25,3.863,20.837,11.049,2.164,1.784,6.379,0.049,0.0,0.0,0.0
10466,11483,19920229,1,-0.017391,-0.017391,0.327,1.195,0.223,37.337,2.72,13.234000000000002,13.865,26.45,26.45,2.653,4.688,0.399,0.3720000000000001,0.201,0.201,0.207,0.34600000000000003,0.1,0.173,0.204,0.34600000000000003,0.501,0.16699999999999998,0.239,0.278,0.194,0.226,0.774,0.226,0.227,0.693,0.071,0.733,1.307,0.494,0.061,0.136,0.006,1.393,0.378,0.779,0.279,0.124,0.118,0.408,1.749,0.7140000000000001,0.417,0.171,0.254,7.832000000000002,11.758,99.607,0.16,1.747,0.536,1.171,3.891,23.998,17.024,1.845,1.429,9.141,0.107,0.0,0.0,0.0
10506,11530,19920331,1,-0.057441,-0.057441,0.327,1.126,0.223,43.081,1.34,13.234000000000002,15.997,24.931,24.931,3.0610000000000004,5.41,0.399,0.3720000000000001,0.201,0.201,0.207,0.34600000000000003,0.1,0.173,0.204,0.34600000000000003,0.501,0.16699999999999998,0.239,0.278,0.194,0.226,0.774,0.226,0.227,0.693,0.071,0.733,1.307,0.494,0.061,0.136,0.006,1.393,0.378,0.779,0.279,0.124,0.118,0.408,1.749,0.7140000000000001,0.417,0.171,0.254,7.832000000000002,11.758,99.607,0.16,1.747,0.536,1.171,3.891,23.998,17.024,1.845,1.429,9.141,0.107,0.0,0.0,0.0
10548,11577,19920430,1,-0.080332,-0.080332,0.327,1.035,0.223,39.62,2.93,13.234000000000002,14.712,22.928,22.928,2.8160000000000003,4.975,0.399,0.3720000000000001,0.201,0.201,0.207,0.34600000000000003,0.1,0.173,0.204,0.34600000000000003,0.501,0.16699999999999998,0.239,0.278,0.194,0.226,0.774,0.226,0.227,0.693,0.071,0.733,1.307,0.494,0.061,0.136,0.006,1.393,0.378,0.779,0.279,0.124,0.118,0.408,1.749,0.7140000000000001,0.417,0.171,0.254,7.832000000000002,11.758,99.607,0.16,1.747,0.536,1.171,3.891,23.998,17.024,1.845,1.429,9.141,0.107,0.0,0.0,0.0
10589,11624,19920531,1,-0.101807,-0.101807,0.28600000000000003,0.995,0.224,35.096,3.79,11.038,13.074000000000002,20.398,29.94,2.172,3.661,0.399,0.425,0.232,0.231,0.199,0.361,0.107,0.17800000000000002,0.215,0.381,0.556,0.17600000000000002,0.273,0.308,0.222,0.184,0.8140000000000001,0.184,0.21600000000000005,0.5710000000000001,0.225,0.6990000000000001,1.042,0.494,0.07200000000000001,0.126,0.149,1.35,0.462,0.62,0.217,0.091,0.078,0.329,1.795,0.687,0.407,0.157,0.246,11.289,17.188,99.618,0.155,1.8,0.773,1.179,3.907,21.918000000000006,15.526,1.989,1.6230000000000002,7.848,0.073,0.0,0.0,0.0
10635,11671,19920630,1,-0.037037,-0.037037,0.28600000000000003,0.958,0.224,33.917,2.18,11.038,12.634,19.643,28.831,2.099,3.537,0.399,0.425,0.232,0.231,0.199,0.361,0.107,0.17800000000000002,0.215,0.381,0.556,0.17600000000000002,0.273,0.308,0.222,0.184,0.8140000000000001,0.184,0.21600000000000005,0.5710000000000001,0.225,0.6990000000000001,1.042,0.494,0.07200000000000001,0.126,0.149,1.35,0.462,0.62,0.217,0.091,0.078,0.329,1.795,0.687,0.407,0.157,0.246,11.289,17.188,99.618,0.155,1.8,0.773,1.179,3.907,21.918000000000006,15.526,1.989,1.6230000000000002,7.848,0.073,0.0,0.0,0.0
10673,11718,19920731,1,0.115385,0.115385,0.28600000000000003,1.069,0.224,37.83,4.77,11.038,14.092,21.909,32.157,2.341,3.946,0.399,0.425,0.232,0.231,0.199,0.361,0.107,0.17800000000000002,0.215,0.381,0.556,0.17600000000000002,0.273,0.308,0.222,0.184,0.8140000000000001,0.184,0.21600000000000005,0.5710000000000001,0.225,0.6990000000000001,1.042,0.494,0.07200000000000001,0.126,0.149,1.35,0.462,0.62,0.217,0.091,0.078,0.329,1.795,0.687,0.407,0.157,0.246,11.289,17.188,99.618,0.155,1.8,0.773,1.179,3.907,21.918000000000006,15.526,1.989,1.6230000000000002,7.848,0.073,0.0,0.0,0.0
10714,11765,19920831,1,-0.002508,-0.002508,0.293,1.188,0.292,35.08,4.99,11.698,13.895,21.304,30.957,2.287,3.795,0.399,0.399,0.219,0.218,0.189,0.35600000000000004,0.108,0.17600000000000002,0.212,0.375,0.561,0.177,0.255,0.28300000000000003,0.21,0.197,0.8029999999999999,0.197,0.218,0.593,0.201,0.68,1.054,0.494,0.067,0.132,0.096,1.36,0.435,0.682,0.236,0.08199999999999999,0.07400000000000001,0.365,1.774,0.6709999999999999,0.402,0.162,0.247,11.1,16.511,98.829,0.154,1.817,0.7390000000000001,1.121,3.826,21.959,17.535,1.873,1.505,7.845,0.066,0.0,0.0,0.0
10757,11812,19920930,1,-0.078864,-0.078864,0.293,1.094,0.292,32.366,2.0,11.698,12.82,19.624,28.516,2.11,3.5010000000000003,0.399,0.399,0.219,0.218,0.189,0.35600000000000004,0.108,0.17600000000000002,0.212,0.375,0.561,0.177,0.255,0.28300000000000003,0.21,0.197,0.8029999999999999,0.197,0.218,0.593,0.201,0.68,1.054,0.494,0.067,0.132,0.096,1.36,0.435,0.682,0.236,0.08199999999999999,0.07400000000000001,0.365,1.774,0.6709999999999999,0.402,0.162,0.247,11.1,16.511,98.829,0.154,1.817,0.7390000000000001,1.121,3.826,21.959,17.535,1.873,1.505,7.845,0.066,0.0,0.0,0.0
10799,11859,19921031,1,0.14041099999999998,0.14041099999999998,0.293,1.248,0.292,36.91,2.16,11.698,14.62,22.379,32.52,2.406,3.993,0.399,0.399,0.219,0.218,0.189,0.35600000000000004,0.108,0.17600000000000002,0.212,0.375,0.561,0.177,0.255,0.28300000000000003,0.21,0.197,0.8029999999999999,0.197,0.218,0.593,0.201,0.68,1.054,0.494,0.067,0.132,0.096,1.36,0.435,0.682,0.236,0.08199999999999999,0.07400000000000001,0.365,1.774,0.6709999999999999,0.402,0.162,0.247,11.1,16.511,98.829,0.154,1.817,0.7390000000000001,1.121,3.826,21.959,17.535,1.873,1.505,7.845,0.066,0.0,0.0,0.0
10835,11906,19921130,1,0.042643,0.042643,0.298,1.456,0.311,35.92800000000001,2.74,11.414,16.087,22.644,32.519,2.386,3.727,0.399,0.385,0.209,0.209,0.18,0.349,0.106,0.173,0.21,0.374,0.551,0.175,0.246,0.268,0.201,0.17800000000000002,0.8220000000000001,0.17800000000000002,0.203,0.586,0.205,0.647,0.945,0.494,0.079,0.136,0.125,1.337,0.453,0.6579999999999999,0.208,0.096,0.084,0.349,1.672,0.62,0.383,0.153,0.232,10.196,14.978,100.61,0.17600000000000002,1.861,0.7709999999999999,1.104,3.806,22.587,16.665,1.789,1.471,7.395,0.048,0.0,0.0,0.0
10875,11953,19921231,1,-0.057803,-0.057803,0.298,1.371,0.311,34.616,3.0,11.414,15.499,21.335,30.639,2.299,3.591,0.399,0.385,0.209,0.209,0.18,0.349,0.106,0.173,0.21,0.374,0.551,0.175,0.246,0.268,0.201,0.17800000000000002,0.8220000000000001,0.17800000000000002,0.203,0.586,0.205,0.647,0.945,0.494,0.079,0.136,0.125,1.337,0.453,0.6579999999999999,0.208,0.096,0.084,0.349,1.672,0.62,0.383,0.153,0.232,10.196,14.978,100.61,0.17600000000000002,1.861,0.7709999999999999,1.104,3.806,22.587,16.665,1.789,1.471,7.395,0.048,0.0,0.0,0.0
10917,12000,19930131,1,-0.055215,-0.055215,0.298,1.296,0.311,32.705,1.41,11.414,14.644,20.157,28.947,2.172,3.392,0.399,0.385,0.209,0.209,0.18,0.349,0.106,0.173,0.21,0.374,0.551,0.175,0.246,0.268,0.201,0.17800000000000002,0.8220000000000001,0.17800000000000002,0.203,0.586,0.205,0.647,0.945,0.494,0.079,0.136,0.125,1.337,0.453,0.6579999999999999,0.208,0.096,0.084,0.349,1.672,0.62,0.383,0.153,0.232,10.196,14.978,100.61,0.17600000000000002,1.861,0.7709999999999999,1.104,3.806,22.587,16.665,1.789,1.471,7.395,0.048,0.0,0.0,0.0
10957,12047,19930228,1,-0.041558,-0.041558,0.28300000000000003,1.225,0.269,27.382,2.03,11.732,12.036,17.5,24.02,1.975,3.337,0.412,0.316,0.223,0.223,0.227,0.342,0.112,0.17,0.204,0.34700000000000003,0.5589999999999999,0.191,0.226,0.257,0.219,0.171,0.8290000000000001,0.171,0.264,0.38,0.45,0.674,0.635,0.335,0.039,0.15,0.354,0.7879999999999999,0.528,0.927,0.206,0.116,0.09,0.249,2.426,0.826,0.452,0.175,0.266,8.997,12.081,104.673,0.075,1.585,0.982,1.113,4.498,29.641,10.081,1.689,1.401,6.612,0.057,0.0,0.008,0.0
11004,12094,19930331,1,0.061224,0.061224,0.28300000000000003,1.3,0.269,29.059,1.94,11.732,12.773,18.571,25.49,2.096,3.5410000000000004,0.412,0.316,0.223,0.223,0.227,0.342,0.112,0.17,0.204,0.34700000000000003,0.5589999999999999,0.191,0.226,0.257,0.219,0.171,0.8290000000000001,0.171,0.264,0.38,0.45,0.674,0.635,0.335,0.039,0.15,0.354,0.7879999999999999,0.528,0.927,0.206,0.116,0.09,0.249,2.426,0.826,0.452,0.175,0.266,8.997,12.081,104.673,0.075,1.585,0.982,1.113,4.498,29.641,10.081,1.689,1.401,6.612,0.057,0.0,0.008,0.0
11040,12141,19930430,1,-0.0032049999999999995,-0.0032049999999999995,0.28300000000000003,1.296,0.269,28.966,2.01,11.732,12.732,18.512,25.408,2.09,3.53,0.412,0.316,0.223,0.223,0.227,0.342,0.112,0.17,0.204,0.34700000000000003,0.5589999999999999,0.191,0.226,0.257,0.219,0.171,0.8290000000000001,0.171,0.264,0.38,0.45,0.674,0.635,0.335,0.039,0.15,0.354,0.7879999999999999,0.528,0.927,0.206,0.116,0.09,0.249,2.426,0.826,0.452,0.175,0.266,8.997,12.081,104.673,0.075,1.585,0.982,1.113,4.498,29.641,10.081,1.689,1.401,6.612,0.057,0.0,0.008,0.0
11080,12188,19930531,1,-0.027524,-0.027524,0.285,1.79,0.287,28.151,5.99,10.904000000000002,23.726,18.002,18.002,1.989,3.344,0.412,0.368,0.203,0.203,0.185,0.353,0.111,0.16,0.197,0.314,0.484,0.189,0.21600000000000005,0.232,0.198,0.17600000000000002,0.8240000000000001,0.17600000000000002,0.214,0.4920000000000001,0.327,0.411,0.459,0.335,0.045,0.14800000000000002,0.177,1.081,0.47,0.75,0.21,0.111,0.092,0.314,1.921,0.6829999999999999,0.406,0.155,0.238,9.177,11.811,114.084,0.095,1.808,0.918,1.044,3.983,21.601,9.271,1.757,1.4469999999999998,6.7810000000000015,-0.029,0.0,0.008,0.0
11121,12235,19930630,1,-0.116279,-0.116279,0.285,1.582,0.287,25.047,2.12,10.904000000000002,21.11,15.909,15.909,1.77,2.9760000000000004,0.412,0.368,0.203,0.203,0.185,0.353,0.111,0.16,0.197,0.314,0.484,0.189,0.21600000000000005,0.232,0.198,0.17600000000000002,0.8240000000000001,0.17600000000000002,0.214,0.4920000000000001,0.327,0.411,0.459,0.335,0.045,0.14800000000000002,0.177,1.081,0.47,0.75,0.21,0.111,0.092,0.314,1.921,0.6829999999999999,0.406,0.155,0.238,9.177,11.811,114.084,0.095,1.808,0.918,1.044,3.983,21.601,9.271,1.757,1.4469999999999998,6.7810000000000015,-0.029,0.0,0.008,0.0
11160,12281,19930731,1,-0.022556,-0.022556,0.285,1.546,0.287,24.482,1.61,10.904000000000002,20.634,15.55,15.55,1.73,2.908,0.412,0.368,0.203,0.203,0.185,0.353,0.111,0.16,0.197,0.314,0.484,0.189,0.21600000000000005,0.232,0.198,0.17600000000000002,0.8240000000000001,0.17600000000000002,0.214,0.4920000000000001,0.327,0.411,0.459,0.335,0.045,0.14800000000000002,0.177,1.081,0.47,0.75,0.21,0.111,0.092,0.314,1.921,0.6829999999999999,0.406,0.155,0.238,9.177,11.811,114.084,0.095,1.808,0.918,1.044,3.983,21.601,9.271,1.757,1.4469999999999998,6.7810000000000015,-0.029,0.0,0.008,0.0
11206,12327,19930831,1,0.132462,0.132462,0.303,2.245,0.344,26.124,2.47,10.57,19.45,17.692999999999994,17.692999999999994,1.88,3.199,0.412,0.364,0.194,0.194,0.177,0.35700000000000004,0.106,0.157,0.196,0.306,0.466,0.182,0.212,0.227,0.191,0.16899999999999998,0.831,0.16899999999999998,0.228,0.475,0.349,0.561,0.473,0.335,0.033,0.145,0.259,0.959,0.499,0.8,0.202,0.116,0.086,0.284,2.048,0.718,0.418,0.16,0.249,8.889,11.642,116.046,0.066,1.659,0.872,1.02,4.0,20.4,8.458,1.753,1.456,7.428,-0.01,0.0,0.008,0.0
11241,12373,19930930,1,-0.040956,-0.040956,0.303,2.153,0.344,25.087,2.26,10.57,18.678,16.969,16.969,1.805,3.072,0.412,0.364,0.194,0.194,0.177,0.35700000000000004,0.106,0.157,0.196,0.306,0.466,0.182,0.212,0.227,0.191,0.16899999999999998,0.831,0.16899999999999998,0.228,0.475,0.349,0.561,0.473,0.335,0.033,0.145,0.259,0.959,0.499,0.8,0.202,0.116,0.086,0.284,2.048,0.718,0.418,0.16,0.249,8.889,11.642,116.046,0.066,1.659,0.872,1.02,4.0,20.4,8.458,1.753,1.456,7.428,-0.01,0.0,0.008,0.0
11284,12420,19931031,1,0.160142,0.160142,0.303,2.498,0.344,29.104,2.12,10.57,21.669,19.686,19.686,2.094,3.564,0.412,0.364,0.194,0.194,0.177,0.35700000000000004,0.106,0.157,0.196,0.306,0.466,0.182,0.212,0.227,0.191,0.16899999999999998,0.831,0.16899999999999998,0.228,0.475,0.349,0.561,0.473,0.335,0.033,0.145,0.259,0.959,0.499,0.8,0.202,0.116,0.086,0.284,2.048,0.718,0.418,0.16,0.249,8.889,11.642,116.046,0.066,1.659,0.872,1.02,4.0,20.4,8.458,1.753,1.456,7.428,-0.01,0.0,0.008,0.0
11326,12467,19931130,1,-0.007853,-0.007853,0.309,2.382,0.343,27.354,1.01,10.127,44.224,18.897,18.897,1.999,3.382,0.412,0.36,0.192,0.192,0.17800000000000002,0.363,0.106,0.159,0.198,0.305,0.4920000000000001,0.182,0.21,0.226,0.19,0.198,0.802,0.198,0.255,0.445,0.398,0.16,0.211,0.335,0.014,0.145,0.225,0.926,0.48,0.903,0.247,0.092,0.07200000000000001,0.311,2.268,0.792,0.442,0.177,0.275,9.225,12.356,121.412,0.03,1.646,0.914,0.99,4.055,18.594,7.122000000000001,1.774,1.423,7.2189999999999985,-0.062,0.0,0.008,0.0
11369,12514,19931231,1,0.003106,0.003106,0.309,2.389,0.343,27.439,1.91,10.127,44.362,18.955,18.955,2.005,3.392,0.412,0.36,0.192,0.192,0.17800000000000002,0.363,0.106,0.159,0.198,0.305,0.4920000000000001,0.182,0.21,0.226,0.19,0.198,0.802,0.198,0.255,0.445,0.398,0.16,0.211,0.335,0.014,0.145,0.225,0.926,0.48,0.903,0.247,0.092,0.07200000000000001,0.311,2.268,0.792,0.442,0.177,0.275,9.225,12.356,121.412,0.03,1.646,0.914,0.99,4.055,18.594,7.122000000000001,1.774,1.423,7.2189999999999985,-0.062,0.0,0.008,0.0
11410,12561,19940131,1,0.037152,0.037152,0.309,2.478,0.343,28.459,1.86,10.127,46.01,19.66,19.66,2.08,3.518,0.412,0.36,0.192,0.192,0.17800000000000002,0.363,0.106,0.159,0.198,0.305,0.4920000000000001,0.182,0.21,0.226,0.19,0.198,0.802,0.198,0.255,0.445,0.398,0.16,0.211,0.335,0.014,0.145,0.225,0.926,0.48,0.903,0.247,0.092,0.07200000000000001,0.311,2.268,0.792,0.442,0.177,0.275,9.225,12.356,121.412,0.03,1.646,0.914,0.99,4.055,18.594,7.122000000000001,1.774,1.423,7.2189999999999985,-0.062,0.0,0.008,0.0
11452,12608,19940228,1,-0.034507,-0.034507,0.328,2.356,0.308,25.245,1.72,10.93,105.154,19.167,19.167,1.926,3.236,0.4,0.303,0.18,0.18,0.17800000000000002,0.359,0.101,0.168,0.203,0.285,0.575,0.168,0.189,0.214,0.18,0.182,0.818,0.182,0.389,0.445,0.379,-0.955,0.05,0.031,0.003,0.14,0.531,0.557,0.615,1.395,0.223,0.097,0.052000000000000005,0.224,2.629,0.995,0.499,0.238,0.355,9.673,14.48,130.326,0.005,1.128,0.626,0.934,3.999,20.456,6.276,1.68,1.374,21.443,-0.077,0.0,0.01,0.0
11493,12655,19940331,1,-0.024845,-0.024845,0.328,2.298,0.308,24.642,2.53,10.93,102.639,18.69,18.69,1.88,3.158,0.4,0.303,0.18,0.18,0.17800000000000002,0.359,0.101,0.168,0.203,0.285,0.575,0.168,0.189,0.214,0.18,0.182,0.818,0.182,0.389,0.445,0.379,-0.955,0.05,0.031,0.003,0.14,0.531,0.557,0.615,1.395,0.223,0.097,0.052000000000000005,0.224,2.629,0.995,0.499,0.238,0.355,9.673,14.48,130.326,0.005,1.128,0.626,0.934,3.999,20.456,6.276,1.68,1.374,21.443,-0.077,0.0,0.01,0.0
11533,12702,19940430,1,-0.0031850000000000003,-0.0031850000000000003,0.328,2.29,0.308,24.563,1.66,10.93,102.312,18.631,18.631,1.874,3.148,0.4,0.303,0.18,0.18,0.17800000000000002,0.359,0.101,0.168,0.203,0.285,0.575,0.168,0.189,0.214,0.18,0.182,0.818,0.182,0.389,0.445,0.379,-0.955,0.05,0.031,0.003,0.14,0.531,0.557,0.615,1.395,0.223,0.097,0.052000000000000005,0.224,2.629,0.995,0.499,0.238,0.355,9.673,14.48,130.326,0.005,1.128,0.626,0.934,3.999,20.456,6.276,1.68,1.374,21.443,-0.077,0.0,0.01,0.0
11580,12749,19940531,1,0.164856,0.164856,0.335,2.013,0.324,28.359,1.37,8.936,19.567,21.105,21.105,2.04,3.5660000000000003,0.4,0.35600000000000004,0.183,0.183,0.165,0.369,0.096,0.16899999999999998,0.211,0.325,0.574,0.161,0.218,0.236,0.183,0.208,0.792,0.208,0.329,0.459,0.379,0.687,0.393,0.031,0.004,0.138,0.368,0.795,0.5379999999999999,1.073,0.263,0.083,0.053,0.29,2.484,0.906,0.475,0.218,0.329,9.093,14.156,121.823,0.006999999999999999,1.357,0.733,0.965,3.82,16.794,7.337999999999999,1.839,1.456,10.582,0.008,0.0,0.01,0.0
11617,12796,19940630,1,0.019284,0.019284,0.335,2.052,0.324,28.906,2.26,8.936,19.945,21.512,21.512,2.079,3.634,0.4,0.35600000000000004,0.183,0.183,0.165,0.369,0.096,0.16899999999999998,0.211,0.325,0.574,0.161,0.218,0.236,0.183,0.208,0.792,0.208,0.329,0.459,0.379,0.687,0.393,0.031,0.004,0.138,0.368,0.795,0.5379999999999999,1.073,0.263,0.083,0.053,0.29,2.484,0.906,0.475,0.218,0.329,9.093,14.156,121.823,0.006999999999999999,1.357,0.733,0.965,3.82,16.794,7.337999999999999,1.839,1.456,10.582,0.008,0.0,0.01,0.0
11659,12843,19940731,1,-0.035135,-0.035135,0.335,1.98,0.324,27.89,1.83,8.936,19.244,20.756,20.756,2.006,3.507,0.4,0.35600000000000004,0.183,0.183,0.165,0.369,0.096,0.16899999999999998,0.211,0.325,0.574,0.161,0.218,0.236,0.183,0.208,0.792,0.208,0.329,0.459,0.379,0.687,0.393,0.031,0.004,0.138,0.368,0.795,0.5379999999999999,1.073,0.263,0.083,0.053,0.29,2.484,0.906,0.475,0.218,0.329,9.093,14.156,121.823,0.006999999999999999,1.357,0.733,0.965,3.82,16.794,7.337999999999999,1.839,1.456,10.582,0.008,0.0,0.01,0.0
11701,12890,19940831,1,0.07170900000000001,0.07170900000000001,0.327,1.907,0.281,28.562,3.53,9.113,29.455,20.98,20.98,2.004,3.667,0.4,0.358,0.187,0.187,0.16699999999999998,0.3670000000000001,0.095,0.171,0.212,0.328,0.625,0.161,0.218,0.238,0.187,0.213,0.787,0.213,0.36,0.447,0.392,0.522,0.246,0.031,0.004,0.136,0.408,0.7659999999999999,0.5539999999999999,1.135,0.271,0.084,0.05,0.285,2.6060000000000003,0.949,0.487,0.235,0.34600000000000003,8.939,14.264,123.775,0.006999999999999999,1.317,0.7290000000000001,0.976,3.898,17.535999999999998,7.02,1.903,1.497,11.415,-0.028,0.0,0.01,0.0
11742,12937,19940930,1,-0.065617,-0.065617,0.327,1.7819999999999998,0.281,26.688,1.66,9.113,27.523000000000003,19.604,19.604,1.873,3.426,0.4,0.358,0.187,0.187,0.16699999999999998,0.3670000000000001,0.095,0.171,0.212,0.328,0.625,0.161,0.218,0.238,0.187,0.213,0.787,0.213,0.36,0.447,0.392,0.522,0.246,0.031,0.004,0.136,0.408,0.7659999999999999,0.5539999999999999,1.135,0.271,0.084,0.05,0.285,2.6060000000000003,0.949,0.487,0.235,0.34600000000000003,8.939,14.264,123.775,0.006999999999999999,1.317,0.7290000000000001,0.976,3.898,17.535999999999998,7.02,1.903,1.497,11.415,-0.028,0.0,0.01,0.0
11784,12984,19941031,1,-0.05618,-0.05618,0.327,1.682,0.281,25.189,3.8,9.113,25.976,18.502,18.502,1.767,3.234,0.4,0.358,0.187,0.187,0.16699999999999998,0.3670000000000001,0.095,0.171,0.212,0.328,0.625,0.161,0.218,0.238,0.187,0.213,0.787,0.213,0.36,0.447,0.392,0.522,0.246,0.031,0.004,0.136,0.408,0.7659999999999999,0.5539999999999999,1.135,0.271,0.084,0.05,0.285,2.6060000000000003,0.949,0.487,0.235,0.34600000000000003,8.939,14.264,123.775,0.006999999999999999,1.317,0.7290000000000001,0.976,3.898,17.535999999999998,7.02,1.903,1.497,11.415,-0.028,0.0,0.01,0.0
11827,13031,19941130,1,0.028571,0.028571,0.317,1.4980000000000002,0.307,24.739,2.06,9.271,14.545,17.917,17.917,1.721,3.1460000000000004,0.4,0.35600000000000004,0.192,0.192,0.17,0.364,0.096,0.172,0.211,0.326,0.649,0.161,0.21600000000000005,0.236,0.192,0.201,0.799,0.201,0.385,0.444,0.39,0.737,0.399,0.031,0.003,0.134,0.478,0.71,0.588,1.185,0.251,0.096,0.05,0.258,2.714,0.974,0.493,0.244,0.35600000000000004,8.667,13.77,123.315,0.005,1.222,0.679,0.979,3.947,18.357,7.081,1.932,1.543,15.183,0.023,0.0,0.01,0.0
11867,13078,19941231,1,-0.023256,-0.023256,0.317,1.463,0.307,24.164,2.88,9.271,14.207,17.5,17.5,1.681,3.073,0.4,0.35600000000000004,0.192,0.192,0.17,0.364,0.096,0.172,0.211,0.326,0.649,0.161,0.21600000000000005,0.236,0.192,0.201,0.799,0.201,0.385,0.444,0.39,0.737,0.399,0.031,0.003,0.134,0.478,0.71,0.588,1.185,0.251,0.096,0.05,0.258,2.714,0.974,0.493,0.244,0.35600000000000004,8.667,13.77,123.315,0.005,1.222,0.679,0.979,3.947,18.357,7.081,1.932,1.543,15.183,0.023,0.0,0.01,0.0
11916,13125,19950131,1,0.07142899999999999,0.07142899999999999,0.317,1.567,0.307,25.89,1.72,9.271,15.220999999999998,18.75,18.75,1.801,3.292,0.4,0.35600000000000004,0.192,0.192,0.17,0.364,0.096,0.172,0.211,0.326,0.649,0.161,0.21600000000000005,0.236,0.192,0.201,0.799,0.201,0.385,0.444,0.39,0.737,0.399,0.031,0.003,0.134,0.478,0.71,0.588,1.185,0.251,0.096,0.05,0.258,2.714,0.974,0.493,0.244,0.35600000000000004,8.667,13.77,123.315,0.005,1.222,0.679,0.979,3.947,18.357,7.081,1.932,1.543,15.183,0.023,0.0,0.01,0.0
11954,13172,19950228,1,0.06555599999999999,0.06555599999999999,0.315,1.693,0.345,25.54,1.26,9.719,15.805,19.254,19.254,1.816,3.298,0.406,0.293,0.18600000000000005,0.18600000000000005,0.188,0.35100000000000003,0.094,0.165,0.2,0.28300000000000003,0.662,0.159,0.187,0.208,0.184,0.267,0.733,0.267,0.468,0.458,0.366,0.723,0.304,0.175,0.011,0.129,0.43,0.529,0.575,1.731,0.358,0.096,0.051,0.3,2.998,1.211,0.5479999999999999,0.289,0.425,7.526,11.427,124.807,0.019,1.17,0.634,0.934,3.732,15.844,7.0070000000000014,1.844,1.352,15.525,0.019,0.0,0.0,0.0
11995,13219,19950331,1,0.068063,0.068063,0.315,1.808,0.345,27.278,1.21,9.719,16.881,20.565,20.565,1.94,3.523,0.406,0.293,0.18600000000000005,0.18600000000000005,0.188,0.35100000000000003,0.094,0.165,0.2,0.28300000000000003,0.662,0.159,0.187,0.208,0.184,0.267,0.733,0.267,0.468,0.458,0.366,0.723,0.304,0.175,0.011,0.129,0.43,0.529,0.575,1.731,0.358,0.096,0.051,0.3,2.998,1.211,0.5479999999999999,0.289,0.425,7.526,11.427,124.807,0.019,1.17,0.634,0.934,3.732,15.844,7.0070000000000014,1.844,1.352,15.525,0.019,0.0,0.0,0.0
12037,13266,19950430,1,-0.073529,-0.073529,0.315,1.675,0.345,25.272,1.93,9.719,15.639,19.052,19.052,1.797,3.264,0.406,0.293,0.18600000000000005,0.18600000000000005,0.188,0.35100000000000003,0.094,0.165,0.2,0.28300000000000003,0.662,0.159,0.187,0.208,0.184,0.267,0.733,0.267,0.468,0.458,0.366,0.723,0.304,0.175,0.011,0.129,0.43,0.529,0.575,1.731,0.358,0.096,0.051,0.3,2.998,1.211,0.5479999999999999,0.289,0.425,7.526,11.427,124.807,0.019,1.17,0.634,0.934,3.732,15.844,7.0070000000000014,1.844,1.352,15.525,0.019,0.0,0.0,0.0
12085,13313,19950531,1,0.057989,0.057989,0.315,1.639,0.29100000000000004,26.563,1.13,9.645,16.715,19.587,19.587,1.796,3.349,0.406,0.337,0.189,0.189,0.173,0.35200000000000004,0.091,0.16899999999999998,0.201,0.317,0.6940000000000001,0.154,0.205,0.229,0.188,0.238,0.762,0.238,0.433,0.461,0.375,0.693,0.34,0.175,0.006999999999999999,0.124,0.449,0.638,0.579,1.411,0.31,0.106,0.058,0.287,2.873,1.09,0.522,0.272,0.394,6.5070000000000014,10.144,128.438,0.012,1.21,0.652,0.956,3.679,17.527,6.981,1.999,1.523,15.084,0.016,0.0,0.0,0.0
12122,13360,19950630,1,-0.020101,-0.020101,0.315,1.606,0.29100000000000004,26.03,2.7,9.645,16.379,19.193,19.193,1.76,3.281,0.406,0.337,0.189,0.189,0.173,0.35200000000000004,0.091,0.16899999999999998,0.201,0.317,0.6940000000000001,0.154,0.205,0.229,0.188,0.238,0.762,0.238,0.433,0.461,0.375,0.693,0.34,0.175,0.006999999999999999,0.124,0.449,0.638,0.579,1.411,0.31,0.106,0.058,0.287,2.873,1.09,0.522,0.272,0.394,6.5070000000000014,10.144,128.438,0.012,1.21,0.652,0.956,3.679,17.527,6.981,1.999,1.523,15.084,0.016,0.0,0.0,0.0
12165,13407,19950731,1,0.041026,0.041026,0.315,1.672,0.29100000000000004,27.097,2.32,9.645,17.051,19.98,19.98,1.832,3.4160000000000004,0.406,0.337,0.189,0.189,0.173,0.35200000000000004,0.091,0.16899999999999998,0.201,0.317,0.6940000000000001,0.154,0.205,0.229,0.188,0.238,0.762,0.238,0.433,0.461,0.375,0.693,0.34,0.175,0.006999999999999999,0.124,0.449,0.638,0.579,1.411,0.31,0.106,0.058,0.287,2.873,1.09,0.522,0.272,0.394,6.5070000000000014,10.144,128.438,0.012,1.21,0.652,0.956,3.679,17.527,6.981,1.999,1.523,15.084,0.016,0.0,0.0,0.0
12207,13454,19950831,1,-0.010049,-0.010049,0.314,1.435,0.313,25.772,0.29,9.498,16.742,18.657,18.657,1.7080000000000002,3.28,0.406,0.33,0.193,0.193,0.175,0.34700000000000003,0.091,0.16399999999999998,0.199,0.304,0.679,0.152,0.201,0.222,0.191,0.276,0.7240000000000001,0.276,0.441,0.468,0.375,0.6579999999999999,0.337,0.175,0.009000000000000001,0.126,0.374,0.6559999999999999,0.54,1.504,0.377,0.098,0.061,0.334,2.917,1.144,0.534,0.284,0.411,5.978,8.967,132.744,0.016,1.301,0.6920000000000001,0.951,3.5410000000000004,16.695999999999998,6.766,2.04,1.476,10.97,0.011,0.0,0.0,0.0
12250,13501,19950930,1,-0.01,-0.01,0.314,1.42,0.313,25.514,1.84,9.498,16.575,18.47,18.47,1.6909999999999998,3.247,0.406,0.33,0.193,0.193,0.175,0.34700000000000003,0.091,0.16399999999999998,0.199,0.304,0.679,0.152,0.201,0.222,0.191,0.276,0.7240000000000001,0.276,0.441,0.468,0.375,0.6579999999999999,0.337,0.175,0.009000000000000001,0.126,0.374,0.6559999999999999,0.54,1.504,0.377,0.098,0.061,0.334,2.917,1.144,0.534,0.284,0.411,5.978,8.967,132.744,0.016,1.301,0.6920000000000001,0.951,3.5410000000000004,16.695999999999998,6.766,2.04,1.476,10.97,0.011,0.0,0.0,0.0
12293,13548,19951031,1,-0.025253,-0.025253,0.314,1.384,0.313,24.87,1.37,9.498,16.156,18.004,18.004,1.648,3.165,0.406,0.33,0.193,0.193,0.175,0.34700000000000003,0.091,0.16399999999999998,0.199,0.304,0.679,0.152,0.201,0.222,0.191,0.276,0.7240000000000001,0.276,0.441,0.468,0.375,0.6579999999999999,0.337,0.175,0.009000000000000001,0.126,0.374,0.6559999999999999,0.54,1.504,0.377,0.098,0.061,0.334,2.917,1.144,0.534,0.284,0.411,5.978,8.967,132.744,0.016,1.301,0.6920000000000001,0.951,3.5410000000000004,16.695999999999998,6.766,2.04,1.476,10.97,0.011,0.0,0.0,0.0
12343,13595,19951130,1,0.098238,0.098238,0.319,1.463,0.32,26.268,2.07,9.464,17.873,19.112,19.112,1.732,3.3280000000000003,0.406,0.329,0.192,0.192,0.168,0.344,0.09,0.163,0.197,0.289,0.598,0.151,0.196,0.215,0.19,0.29600000000000004,0.7040000000000001,0.29600000000000004,0.436,0.475,0.3720000000000001,0.6609999999999999,0.341,0.175,0.01,0.125,0.322,0.6940000000000001,0.509,1.526,0.413,0.096,0.065,0.366,2.863,1.148,0.534,0.28800000000000003,0.414,5.614,8.304,135.628,0.02,1.404,0.737,0.956,3.457,16.31,6.739,2.0540000000000003,1.4469999999999998,8.7,0.006,0.0,0.0,0.0
12387,13642,19951231,1,-0.018957,-0.018957,0.319,1.435,0.32,25.77,0.79,9.464,17.534000000000002,18.75,18.75,1.7,3.265,0.406,0.329,0.192,0.192,0.168,0.344,0.09,0.163,0.197,0.289,0.598,0.151,0.196,0.215,0.19,0.29600000000000004,0.7040000000000001,0.29600000000000004,0.436,0.475,0.3720000000000001,0.6609999999999999,0.341,0.175,0.01,0.125,0.322,0.6940000000000001,0.509,1.526,0.413,0.096,0.065,0.366,2.863,1.148,0.534,0.28800000000000003,0.414,5.614,8.304,135.628,0.02,1.404,0.737,0.956,3.457,16.31,6.739,2.0540000000000003,1.4469999999999998,8.7,0.006,0.0,0.0,0.0
12426,13689,19960131,1,0.019324,0.019324,0.319,1.463,0.32,26.268,0.26,9.464,17.873,19.112,19.112,1.732,3.3280000000000003,0.406,0.329,0.192,0.192,0.168,0.344,0.09,0.163,0.197,0.289,0.598,0.151,0.196,0.215,0.19,0.29600000000000004,0.7040000000000001,0.29600000000000004,0.436,0.475,0.3720000000000001,0.6609999999999999,0.341,0.175,0.01,0.125,0.322,0.6940000000000001,0.509,1.526,0.413,0.096,0.065,0.366,2.863,1.148,0.534,0.28800000000000003,0.414,5.614,8.304,135.628,0.02,1.404,0.737,0.956,3.457,16.31,6.739,2.0540000000000003,1.4469999999999998,8.7,0.006,0.0,0.0,0.0
